-- HIOC cafe MVP — menu seed data (v2).
-- Source of truth: the cafe's live Petpooja POS export (Menu_sheet.zip,
-- items + addons CSVs), NOT the printed menu photos, which had older/stale
-- prices in places. All 122 exported items are included except two broken
-- ₹0 rows dropped as data errors: "Croissant Combo" (Hioc's Combos, the
-- only item in that category) and a stray "Cheesecake" placeholder row in
-- Eatery (distinct from the real Cheesecakes category, which is intact).
-- Every item, description, category, price, and addon group/option below is
-- real data from that export — nothing here is invented.
--
-- Run after supabase/schema.sql. Safe to re-run against empty tables only —
-- not idempotent (no ON CONFLICT) since there are no unique business-key
-- constraints to key off of.

-- Addon groups (customization groups shared across items, e.g. "Choice of Sugar")
insert into addon_groups (id, name, display_name, selection_type, min_select, max_select, sort_order) values
  ('761aa4c5-22fc-510a-9313-1244aa640d6c', 'Specialized Brews', 'Upgrade to Specialized Brew', 'single', 1, 1, 0),
  ('6f643028-8259-52b2-a451-b50a59bc9188', 'Specialized Brews(on The Rocks)', 'Specialized Brew', 'single', 0, 1, 10),
  ('505aa16e-d2f0-531f-8713-7e971ebc7483', 'Sugar', 'Choice of Sugar', 'single', 1, 1, 20),
  ('2aaa1e66-6460-5c5c-9bf1-16d85abc0477', 'ADD ON Milk', 'Choose Milk', 'single', 0, 1, 30),
  ('fe2fc6d7-bf0c-53ad-8b01-46ce2e2c3d0b', 'Upgrade To Cold Brew', 'Upgrade to Cold Brew', 'single', 1, 1, 40),
  ('29722f7d-de81-51e3-b942-c60382d4618b', 'Add On Syrup', 'Add a Syrup', 'single', 0, 1, 50),
  ('a7703ec2-345f-57e8-882d-91d7d6b06f21', 'Hot Chocolate', 'Add Extras', 'multi', 0, 3, 60),
  ('c1af2ba5-4193-5a10-9e36-388fed11f66a', 'Yes, For Me', 'Treat Yourself', 'single', 0, 2, 70),
  ('011468bd-bb09-5529-ae55-2674b5dee9d8', 'Ice Cream Packaging', 'Ice Cream Packaging', 'single', 0, 1, 80),
  ('1a0f9c97-193f-5438-b3cc-e9517f80b4af', 'Add On Condiments', 'Add Condiments', 'multi', 0, 4, 90),
  ('27bc346d-747d-51c7-9b83-cf47ccb198ab', 'Add On Waffles', 'Add Toppings', 'multi', 0, 4, 100),
  ('fb31019b-2a72-5284-afaf-58654b0701ad', 'Dips', 'Choice of Dip', 'multi', 0, 3, 110),
  ('92c86d71-8f81-5b53-a4e4-bf2d86674589', 'Ice', 'Ice Level', 'single', 1, 1, 120),
  ('7698d5e5-d813-56ca-a29e-4456684eae6f', 'Add A Slider', 'Add a Side', 'multi', 0, 3, 130),
  ('1097a962-4182-5163-b4e0-0c0313779e9f', 'Base- Add On', 'Add Toppings', 'multi', 0, 3, 140),
  ('6084d515-ddcd-5ec6-be5f-491b518d16f4', 'Whipped Cream_choose', 'Whipped Cream', 'single', 1, 1, 150),
  ('e03fb48e-8e3c-5aff-a291-32538abd6c4f', 'Whipped Cream_add', 'Whipped Cream', 'single', 0, 1, 160),
  ('793eaa6d-8c39-5ffe-af1f-162044d058e3', 'Croissant', 'Add a Croissant', 'single', 0, 1, 170);

-- Addon options (the actual choices within each group, with their price add-ons)
insert into addon_options (id, addon_group_id, name, price_inr, sort_order) values
  ('e032ce4a-9788-502c-9251-e0cedaa58ba5', '761aa4c5-22fc-510a-9313-1244aa640d6c', 'Sparkling Water(green Apple)', 30, 0),
  ('0e1ed4d8-db91-5ce1-adfb-56dc3b3f8e1d', '761aa4c5-22fc-510a-9313-1244aa640d6c', 'Sparkling Water(peach)', 30, 10),
  ('f7488b1e-5b28-591c-a698-d4e00d5618c9', '761aa4c5-22fc-510a-9313-1244aa640d6c', 'Sparkling Water(lime And Lemon)', 30, 20),
  ('23321d47-a437-5760-b950-355ab2946e16', '761aa4c5-22fc-510a-9313-1244aa640d6c', 'Tonic Water', 30, 30),
  ('170478b2-09d5-5dcd-8af9-60b16afe294c', '761aa4c5-22fc-510a-9313-1244aa640d6c', 'Coconut Water', 30, 40),
  ('25c049cc-6068-55cf-bbbc-07124f4418b5', '761aa4c5-22fc-510a-9313-1244aa640d6c', 'Still Water', 0, 50),
  ('9e73b732-85e6-5227-ab60-94b8f11e30a4', '6f643028-8259-52b2-a451-b50a59bc9188', 'Tonic Water (espresso & Tonic)', 60, 0),
  ('39e6f414-091d-5ab8-820c-e68561be7c4a', '6f643028-8259-52b2-a451-b50a59bc9188', 'Ginger Ale', 60, 10),
  ('db5d20f5-de68-5b3e-8e86-20771421d3cf', '6f643028-8259-52b2-a451-b50a59bc9188', 'Diet Coke', 25, 20),
  ('ba2854ac-9468-5218-bbf3-bfe8f1579984', '505aa16e-d2f0-531f-8713-7e971ebc7483', 'Stevia (sugarfree)', 10, 0),
  ('4e7a3eb6-eadf-53ec-ae72-925a692b79e6', '505aa16e-d2f0-531f-8713-7e971ebc7483', 'Brown Sugar', 0, 10),
  ('4c05b91c-2228-5c9f-8064-a5f8ab96448a', '505aa16e-d2f0-531f-8713-7e971ebc7483', 'No Sugar', 0, 20),
  ('8178c159-676d-5d7d-a0e2-b6d562813b1e', '505aa16e-d2f0-531f-8713-7e971ebc7483', 'Normal', 0, 30),
  ('31f45211-131b-58ca-a6c3-c000a9c2a40a', '2aaa1e66-6460-5c5c-9bf1-16d85abc0477', 'Almond', 45, 0),
  ('6755ed84-d972-55c0-bdcd-19ff3b6cf705', '2aaa1e66-6460-5c5c-9bf1-16d85abc0477', 'Oat', 40, 10),
  ('0bdc3d27-aec2-5aab-a7ad-c5efed9119fe', '2aaa1e66-6460-5c5c-9bf1-16d85abc0477', 'Soy Milk', 40, 20),
  ('5fd9771f-34ae-55e2-bd02-f806f30f16a6', '2aaa1e66-6460-5c5c-9bf1-16d85abc0477', 'Lactose Free', 35, 30),
  ('f2e6093d-3dbf-5e3b-ac3c-7b7e3d850c7d', '2aaa1e66-6460-5c5c-9bf1-16d85abc0477', 'Coconut Milk (new)', 50, 40),
  ('88232dff-d26a-509d-a456-13f7cb88f3df', 'fe2fc6d7-bf0c-53ad-8b01-46ce2e2c3d0b', 'Espresso Brew', 0, 0),
  ('0c4d0695-8105-55cb-8a9f-d05e29a88581', 'fe2fc6d7-bf0c-53ad-8b01-46ce2e2c3d0b', 'Signature Cold Brew', 20, 10),
  ('257c7af4-1b91-5910-8ef9-470a3a508534', '29722f7d-de81-51e3-b942-c60382d4618b', 'Salted Caramel (newly Launched)', 35, 0),
  ('381a9068-aaf8-5f19-b458-b1a46389529f', '29722f7d-de81-51e3-b942-c60382d4618b', 'Vanilla', 35, 10),
  ('0afc708d-b168-5f8e-ba34-608f0fe68407', '29722f7d-de81-51e3-b942-c60382d4618b', 'Hazelnut', 35, 20),
  ('fd6f65ae-358c-5ecc-851c-ac32a0f59a55', '29722f7d-de81-51e3-b942-c60382d4618b', 'Caramel', 35, 30),
  ('a176fe4e-2784-52ea-8dc1-741a03b91cd5', 'a7703ec2-345f-57e8-882d-91d7d6b06f21', 'Nuts: Hazelnuts', 15, 0),
  ('1b4fd172-9f29-53c1-baac-92e77b4c5d73', 'a7703ec2-345f-57e8-882d-91d7d6b06f21', 'Nuts: Almonds', 15, 10),
  ('d800323e-67f2-53a5-a631-959975366414', 'a7703ec2-345f-57e8-882d-91d7d6b06f21', 'Marshmallow (5pcs)', 20, 20),
  ('dce1325b-867a-5e90-914a-2d2360124ceb', 'c1af2ba5-4193-5a10-9e36-388fed11f66a', 'Ice Cream - Chocolate', 45, 0),
  ('357c42c9-ab8e-5074-bbe7-06320262df5b', 'c1af2ba5-4193-5a10-9e36-388fed11f66a', 'Ice Cream - Vanilla', 35, 10),
  ('09f88539-2771-56fc-9f57-22812361eb2a', 'c1af2ba5-4193-5a10-9e36-388fed11f66a', 'Nutella', 45, 20),
  ('e7c80276-c15a-57e4-9b57-77ad9ab190d1', '011468bd-bb09-5529-ae55-2674b5dee9d8', 'Assemble It By You', 0, 0),
  ('c0b14c7c-67b5-5dbc-bd0f-90c6f0b2f5c9', '011468bd-bb09-5529-ae55-2674b5dee9d8', 'Assemble It Myself', 0, 10),
  ('e54ac0b1-0372-5830-9729-b50d22559926', '1a0f9c97-193f-5438-b3cc-e9517f80b4af', 'Chocolate Sauce', 30, 0),
  ('2e989100-a286-5aff-8f48-bd99c80b4dc5', '1a0f9c97-193f-5438-b3cc-e9517f80b4af', 'Caramel Sauce', 30, 10),
  ('d452468a-1417-579a-9d77-b7069cc5a1a3', '1a0f9c97-193f-5438-b3cc-e9517f80b4af', 'Espresso Shot', 40, 20),
  ('50e2d030-06be-54c9-93ed-5daa02b53e0b', '1a0f9c97-193f-5438-b3cc-e9517f80b4af', 'Whipped Cream', 45, 30),
  ('da063565-4022-5503-9236-2288ef3114bd', '27bc346d-747d-51c7-9b83-cf47ccb198ab', 'Caramel Syrup', 30, 0),
  ('43f41866-3745-5921-af02-608570cfd0d3', '27bc346d-747d-51c7-9b83-cf47ccb198ab', 'Nutella', 45, 10),
  ('f888fded-70e3-5034-ac6d-c38c2402f6af', '27bc346d-747d-51c7-9b83-cf47ccb198ab', 'Chocochips(white)', 10, 20),
  ('0840221f-7b70-50b8-8626-b3da46d87f45', '27bc346d-747d-51c7-9b83-cf47ccb198ab', 'Chocochips(dark)', 10, 30),
  ('009ad374-252f-5500-8393-9df03de0526d', '27bc346d-747d-51c7-9b83-cf47ccb198ab', 'Icecream(chocolate)', 30, 40),
  ('c9c98747-98d1-5632-859d-688d89a8f2ee', '27bc346d-747d-51c7-9b83-cf47ccb198ab', 'Icecream(vanilla)', 20, 50),
  ('4e6df873-4129-5898-98b1-2c45a577a624', 'fb31019b-2a72-5284-afaf-58654b0701ad', 'Cheese Dip', 20, 0),
  ('f9ca09e5-74be-5678-b515-6249f828ebd5', 'fb31019b-2a72-5284-afaf-58654b0701ad', 'Peri Peri Dip', 15, 10),
  ('07fe4890-aa06-5a73-948a-7a3d35c6602e', 'fb31019b-2a72-5284-afaf-58654b0701ad', 'Tandoori Dip', 15, 20),
  ('03fa0d1c-6d1a-5e4a-8ff8-5e1f58508c81', '92c86d71-8f81-5b53-a4e4-bf2d86674589', 'Only Ice - Maxxx Ice', 10, 0),
  ('702134bb-7524-57b8-a39f-2be92b9c4175', '92c86d71-8f81-5b53-a4e4-bf2d86674589', 'No Ice', 30, 10),
  ('abd25c8e-fad1-53b3-9be5-21edfe83b7f3', '92c86d71-8f81-5b53-a4e4-bf2d86674589', 'Less Ice', 10, 20),
  ('b18e0a05-8891-58a8-8baf-024313a978bb', '92c86d71-8f81-5b53-a4e4-bf2d86674589', 'Normal Ice', 0, 30),
  ('0bd24796-6163-58e6-8b62-436c9e5a720e', '7698d5e5-d813-56ca-a29e-4456684eae6f', 'Nutella Almond Croissant (large)', 195, 0),
  ('fce0fdc3-076f-5722-aead-96fcad02f7ce', '7698d5e5-d813-56ca-a29e-4456684eae6f', 'Cheesy Garlic Toast', 150, 10),
  ('385b91e6-0c8f-59b9-9848-21d26b503980', '7698d5e5-d813-56ca-a29e-4456684eae6f', 'Butter Croissant (large)', 140, 20),
  ('4a21759d-777a-5fb0-a4de-67eff27eacac', '1097a962-4182-5163-b4e0-0c0313779e9f', 'Red Velvet', 10, 0),
  ('b421c248-f5d4-5267-845e-951294bffc9b', '1097a962-4182-5163-b4e0-0c0313779e9f', 'Hazelnut', 25, 10),
  ('4d5d0d94-68e9-5233-abf7-3e17b0e8f6a0', '1097a962-4182-5163-b4e0-0c0313779e9f', 'Almond', 15, 20),
  ('f83fa3d3-295c-5f30-a26c-d39da8650dee', '6084d515-ddcd-5ec6-be5f-491b518d16f4', 'No Whipped Cream', 0, 0),
  ('d1df661f-8f74-55ad-b7fb-4a4a27846eb7', '6084d515-ddcd-5ec6-be5f-491b518d16f4', 'Default', 0, 10),
  ('3f22db43-9322-5ef3-9d31-968d37b973e1', 'e03fb48e-8e3c-5aff-a291-32538abd6c4f', 'Add On Whipped Cream', 45, 0),
  ('269ff9b0-14a8-5a1c-bd51-77407bdbcc83', 'e03fb48e-8e3c-5aff-a291-32538abd6c4f', 'No Whipped Cream', 0, 10),
  ('47a8c37b-04c6-5556-b95b-871e9d97f6bb', '793eaa6d-8c39-5ffe-af1f-162044d058e3', 'Croissant', 65, 0);

-- Menu items
insert into menu_items (id, name, description, category, parent_category, is_veg, is_available, sort_order) values
  ('3dd077ea-b036-58f0-9a3b-dab3746e894c', 'Espresso', 'Espresso is a meticulously extracted, full-bodied coffee with a rich crema, delivering an intense aroma, deep complexity, and a smooth, lingering finish.', 'Coffee', 'Hot', true, true, 0),
  ('fe41487c-d443-5467-9007-fa4f1a292be6', 'Americano', 'An Americano is a smooth and balanced coffee, made by blending rich espresso with hot water for a bold yet mellow flavor.', 'Coffee', 'Hot', true, true, 10),
  ('1e25a1e5-beaf-5603-9774-b742a56c75a2', 'Long Black', 'A Long Black is a rich and aromatic coffee, made by pouring smooth espresso over hot water to preserve its crema and bold flavor.', 'Coffee', 'Hot', true, true, 20),
  ('0b2c8ba9-5d0f-5738-91f6-a7f59a49e82f', 'Macchiato', 'A macchiato is a bold espresso lightly marked with a touch of velvety milk, delivering a rich, intense flavor with a smooth finish. Note: Please be aware that micro-foam may not retain its texture as effectively during transit in a sealed takeaway cup. The delicate foam, created by incorporating air, can gradually dissipate over time.', 'Coffee', 'Hot', true, true, 30),
  ('0b5dfda3-043c-5880-bb2a-c68508da02f8', 'Cappucino', 'A Cappucino is a harmonious blend of rich espresso, velvety steamed milk, and silky micro-foam for a perfectly balanced indulgence. Note: Please be aware that micro-foam may not retain its texture as effectively during transit in a sealed takeaway cup. The delicate foam, created by incorporating air, can gradually dissipate over time.', 'Coffee', 'Hot', true, true, 40),
  ('0b398e3e-a5b6-5e22-97f3-4a9852293ba2', 'Latte', 'A Latte is a luxurious blend of rich espresso and velvety steamed milk, topped with a silky microfoam for a smooth, balanced taste. Note: Please be aware that micro-foam may not retain its texture as effectively during transit in a sealed takeaway cup. The delicate foam, created by incorporating air, can gradually dissipate over time.', 'Coffee', 'Hot', true, true, 50),
  ('f10da810-119d-5015-b6a4-83751c3dedd2', 'Signature Mocha', 'A Signature Mocha is a decadent blend of rich espresso, velvety steamed milk, and luxurious chocolate, topped with a silky layer of foam for a perfect balance of sweetness and depth. Note: Please be aware that micro-foam may not retain its texture as effectively during transit in a sealed takeaway cup. The delicate foam, created by incorporating air, can gradually dissipate over time.', 'Coffee', 'Hot', true, true, 60),
  ('fe0ca015-9a8e-5cd2-bd1b-c4f0db7b4787', 'Flat White', 'A Flat White is a meticulously crafted coffee with a rich espresso base, seamlessly blended with velvety microfoam for a smooth, intense flavor experience. Note: Please be aware that micro-foam may not retain its texture as effectively during transit in a sealed takeaway cup. The delicate foam, created by incorporating air, can gradually dissipate over time.', 'Coffee', 'Hot', true, true, 70),
  ('dd1b2f19-315f-5178-b3a2-17ed49ea0bf8', 'Vietnamese Latte', 'A Vietnamese Latte is a rich and indulgent blend of robust espresso, sweetened condensed milk, and velvety steamed milk, offering a perfect harmony of creamy sweetness and bold flavor. Note: Please be aware that micro-foam may not retain its texture as effectively during transit in a sealed takeaway cup. The delicate foam, created by incorporating air, can gradually dissipate over time.', 'Coffee', 'Hot', true, true, 80),
  ('37bf6600-5d07-5fa9-8a54-0e2c88bbdd03', 'Lotus Biscoff Latte', 'A Lotus Biscoff Latte with spread is a decadent fusion of smooth espresso, creamy steamed milk, and a generous swirl of Biscoff spread, topped with crushed cookies for an irresistible, indulgent experience. Note: Please be aware that micro-foam may not retain its texture as effectively during transit in a sealed takeaway cup. The delicate foam, created by incorporating air, can gradually dissipate over time.', 'Coffee', 'Hot', true, true, 90),
  ('94c5bb54-ea27-57e8-8d7f-67f177600e8e', 'Honey Cinnamon', 'A Honey Cinnamon Latte blends rich espresso with velvety steamed milk, enhanced by the warmth of honey and a sprinkle of aromatic cinnamon for a comforting, sweet-spiced treat. Note: Please be aware that micro-foam may not retain its texture as effectively during transit in a sealed takeaway cup. The delicate foam, created by incorporating air, can gradually dissipate over time.', 'Coffee', 'Hot', true, true, 100),
  ('ccadd141-90c7-5f9e-bf16-0527fe847bc4', 'Rose Latte', 'A Rose Latte is a delicate fusion of smooth espresso, steamed milk, and aromatic rose syrup, creating a fragrant and subtly floral flavor experience. Note: Please be aware that micro-foam may not retain its texture as effectively during transit in a sealed takeaway cup. The delicate foam, created by incorporating air, can gradually dissipate over time.', 'Coffee', 'Hot', true, true, 110),
  ('bf7f32a3-5801-54b1-ad09-da08b45fc57c', 'White Mocha', 'A White Mocha is a luxurious blend of rich espresso, velvety steamed milk, and sweet white chocolate, creating a creamy and indulgent coffee experience. Note: Please be aware that micro-foam may not retain its texture as effectively during transit in a sealed takeaway cup. The delicate foam, created by incorporating air, can gradually dissipate over time.', 'Coffee', 'Hot', true, true, 120),
  ('79a02128-f81c-5615-9db7-bfd6a98eb873', 'Matcha Latte', 'A Matcha Latte combines finely ground matcha green tea with smooth steamed milk, offering a vibrant, earthy flavor and a creamy, soothing finish. Note: Please be aware that micro-foam may not retain its texture as effectively during transit in a sealed takeaway cup. The delicate foam, created by incorporating air, can gradually dissipate over time.', 'Hot Non-Coffee', 'Hot', true, true, 0),
  ('e784a84a-7fac-58a9-afc4-84cc28d4165c', 'Chai Latte', 'A Chai Latte is a warming blend of spiced chai tea and creamy steamed milk, offering a perfect balance of bold spices and smooth, comforting flavor. Note: Please be aware that micro-foam may not retain its texture as effectively during transit in a sealed takeaway cup. The delicate foam, created by incorporating air, can gradually dissipate over time.', 'Hot Non-Coffee', 'Hot', true, true, 10),
  ('a4fd6d6f-bcfb-5e7a-bc34-5317e15676c7', 'Pistachio Latte', 'A Pistachio Latte is a creamy blend of steamed milk and pistachio syrup, offering a smooth, nutty flavor with a rich, indulgent finish. Note: Please be aware that micro-foam may not retain its texture as effectively during transit in a sealed takeaway cup. The delicate foam, created by incorporating air, can gradually dissipate over time.', 'Hot Non-Coffee', 'Hot', true, true, 20),
  ('145e4b28-3a3c-581d-962a-7e46178e57d7', 'Signature Hot Chocolate', 'A Signature Hot Chocolate is a rich and indulgent blend of smooth milk and premium chocolate, topped with velvety foam for a comforting, luxurious treat.', 'Hot Non-Coffee', 'Hot', true, true, 30),
  ('dc447588-fcea-557e-9325-dac7ed3e3667', 'Hazelnut Hot Chocolate', 'A Hazelnut Hot Chocolate is a luxurious blend of rich chocolate, creamy milk, and the sweet, nutty crunch of Hazelnuts, creating a comforting and indulgent treat.', 'Hot Non-Coffee', 'Hot', true, true, 40),
  ('1af9bf90-8cf9-5a52-be1a-7ee64c853d32', 'Hioc''s Signature Creme', 'Hioc Signature Crème is a velvety, creamy cold coffee crafted from our bold Signature Espresso.', 'Creme Coffee', 'Creme', true, true, 0),
  ('233ee806-30a4-5de5-bd5c-0cdfeda68edc', 'Hazelnut Creme', 'Hazelnut Crème is a velvety, creamy cold coffee infused with the rich flavor of roasted hazelnuts, topped with a smooth, creamy whip.', 'Creme Coffee', 'Creme', true, true, 10),
  ('01f78b80-e545-5814-b50d-34b84d650d63', 'Caramel Creme', 'Caramel Crème is a rich, creamy cold coffee blended with sweet caramel, topped with a smooth, creamy whip.', 'Creme Coffee', 'Creme', true, true, 20),
  ('91c95277-9b4c-550d-9918-43e3279567ff', 'Chocochip Creme', 'Chocochip Crème is a indulgent cold coffee with a perfect blend of chocolate chips, finished with a creamy, smooth whip.', 'Creme Coffee', 'Creme', true, true, 30),
  ('badf3141-306c-5e55-893d-82fa8619b6a4', 'Caramel Chip Creme', 'Caramel Chip Crème is a delicious cold coffee with a perfect mix of caramel and crunchy caramel chips, topped with a creamy, smooth whip.', 'Creme Coffee', 'Creme', true, true, 40),
  ('dfaad0d0-f894-5fb6-b939-1614b2ab095f', 'Cookie Crumble Creme', 'Cookie Crème is a dreamy cold coffee, infused with crushed cookies for a sweet, crunchy texture, and topped with a generous swirl of velvety, creamy whip.', 'Creme Coffee', 'Creme', true, true, 50),
  ('707b512a-23b8-5f11-b6c5-852f1440e5e6', 'Lotus Biscoff Creme', 'Lotus Biscoff Crème is a rich cold coffee infused with the distinctive flavor of Lotus Biscoff biscuits, topped with a smooth, creamy whip for the perfect indulgence.', 'Creme Coffee', 'Creme', true, true, 60),
  ('980e1bf4-1c43-595f-86eb-6f4e28806a44', 'Blueberry Cheesecake Creme', 'Blueberry Cheesecake Crème is a rich, creamy blend with the tangy sweetness of blueberry cheesecake, finished with a smooth, velvety whip for the ultimate indulgence.', 'Creme Non-Coffee', 'Creme', true, true, 0),
  ('a7018a27-9df6-5c8a-8f85-fc3030d98f16', 'Strawberry Cheesecake Creme', 'Strawberry Cheesecake Crème is a creamy, indulgent blend with the sweet and tangy flavors of strawberry cheesecake, topped with a smooth, velvety whip for a luscious treat.', 'Creme Non-Coffee', 'Creme', true, true, 10),
  ('a97a21d8-6530-5fad-83a2-8e791fb692ce', 'Fruity Strawberry Creme', 'Strawberry Crème is a creamy cold drink infused with the fresh, sweet flavor of strawberries, topped with a smooth, velvety whip for a refreshing indulgence."', 'Creme Non-Coffee', 'Creme', true, true, 20),
  ('62869eb0-9080-5867-a363-d50b216fb01e', 'Fruity Mango Creme', 'Mango Crème is a rich, creamy blend with the tropical sweetness of ripe mangoes, topped with a smooth, velvety whip for a refreshing and indulgent treat.', 'Creme Non-Coffee', 'Creme', true, true, 30),
  ('0d34483d-4697-5f4d-a1ed-7a1bcfe74575', 'Oreo Creme', 'Oreo Crème is a rich, velvety blend of crushed Oreo cookies and decadent chocolate, creating a creamy, irresistible treat.', 'Creme Non-Coffee', 'Creme', true, true, 40),
  ('d15ca93e-96d7-5cd2-8fac-c8994a2e71bd', 'Signature Chocolate Creme', 'Signature Chocolate Crème is a luxurious, creamy blend of rich chocolate and smooth espresso, creating the perfect indulgent treat.', 'Creme Non-Coffee', 'Creme', true, true, 50),
  ('f7d1a343-e449-5537-94e9-f50da014ef90', 'Krazy Kitkat Creme', 'Krazy Kitkat Crème is a fun, creamy blend with crunchy KitKat pieces and smooth chocolate, delivering an irresistible, indulgent treat.', 'Creme Non-Coffee', 'Creme', true, true, 60),
  ('d3541394-10ce-5ad8-96f5-e90c5b575903', 'Matcha Creme', 'Matcha Crème is a velvety, creamy blend of finely ground green tea leaves, offering a rich, earthy flavor balanced with a smooth, indulgent texture for a refreshing and unique treat.', 'Creme Non-Coffee', 'Creme', true, true, 70),
  ('8359091c-8876-5b64-84b4-17cb11b392c2', 'Minion Creme (Nutella-Banana)', 'Minion Crème is a playful, creamy blend of rich Nutella and sweet banana, creating a deliciously smooth treat that''s both indulgent and fun.', 'Creme Non-Coffee', 'Creme', true, true, 80),
  ('c2d5a340-9af4-5194-8902-6b8e3306cdab', '90''s Sundae', '', 'Sundae', '', true, true, 0),
  ('209a2c0d-f01c-52b8-8098-546102be0971', 'Devil''s Fantasy', '', 'Sundae', '', true, true, 10),
  ('a361120c-31be-5223-906f-a60c38a55eae', 'Tripple Choco Crepes', '', 'Waffle Crepes', '', true, true, 0),
  ('5666cc6d-af56-5cfc-84db-52cbdd123457', 'Choco-Chip Crepes', '', 'Waffle Crepes', '', true, true, 10),
  ('0784f179-6799-502c-ae64-9b6c37460227', 'Dark Chip Crepes', '', 'Waffle Crepes', '', true, true, 20),
  ('356e2e4a-3c1b-5086-afb6-7e48bee9e96f', 'Valentino Crepes', '', 'Waffle Crepes', '', true, true, 30),
  ('abf76a13-60c7-5c3d-8f88-5c9b9f941526', 'Pistachio Crepes', '', 'Waffle Crepes', '', true, true, 40),
  ('77b65924-05a1-579d-bb19-389bd3c9964f', 'Nutella-Hazelnut Crepes', '', 'Waffle Crepes', '', true, true, 50),
  ('b6245fcc-e6b6-5de2-8ab2-2e64c33acb95', 'Nutella-Almond Crepes', '', 'Waffle Crepes', '', true, true, 60),
  ('c7d39e7f-16cb-54ec-a702-d239fc411ab5', 'Tripple Choco Chips', '', 'Waffle Chips', '', true, true, 0),
  ('90c15567-0b9e-5e68-a88a-082a8888ae4e', 'Choco-Chip Chips', '', 'Waffle Chips', '', true, true, 10),
  ('e49a16df-62cd-5ee9-8ce1-823b56c23934', 'Black Forest Chips', '', 'Waffle Chips', '', true, true, 20),
  ('5d5943b1-7364-50aa-8863-34ff94a2e2d3', 'Valentino Chips', '', 'Waffle Chips', '', true, true, 30),
  ('b00c3c01-97d0-5cd6-837a-62da3eaaa625', 'Crumble Chips', '', 'Waffle Chips', '', true, true, 40),
  ('f1828980-8045-5908-9c78-7cfea73cdd15', 'On The Rocks', 'On the Rocks Espresso is a bold and smooth coffee served over chilled cubes for a crisp and invigorating experience.', 'Iced Coffee', 'Iced Drinks', true, true, 0),
  ('df78b99a-ef7d-58ae-9c7f-b6a6bc65bbb2', 'Americano Iced', 'Iced Americano is a classic espresso blended with chilled water, delivering a refreshing and light coffee flavor with a cooling edge.', 'Iced Coffee', 'Iced Drinks', true, true, 10),
  ('32a41b58-fb6e-51c5-bb5f-8aa53d65f22d', 'Long Black Iced', 'Iced Long Black is a rich and full-bodied coffee combined with chilled water, offering a robust and refreshing drink.', 'Iced Coffee', 'Iced Drinks', true, true, 20),
  ('754498a2-fe7e-5c4c-a2e9-b3f868b7592f', 'Cappucino Iced', 'Iced Cappuccino blends velvety espresso with frothy milk and a cool layer of ice, creating a creamy twist on the classic cappuccino.', 'Iced Coffee', 'Iced Drinks', true, true, 30),
  ('fe5ee148-2d0f-52c4-9398-7c4e5bee6dee', 'Latte Iced', 'Iced Latte is a smooth espresso paired with creamy chilled milk and complemented by ice for a perfectly balanced coffee.', 'Iced Coffee', 'Iced Drinks', true, true, 40),
  ('cef3e25c-3466-5405-97fe-c0cd7f0d09f0', 'Vietnamese Latte Iced', 'Iced Vietnamese Latte combines bold espresso with sweet condensed milk, finished with a touch of ice for a creamy and indulgent treat.', 'Iced Coffee', 'Iced Drinks', true, true, 50),
  ('3b5a1702-44ef-5bc6-8751-eefcfe988686', 'Signature Mocha Iced', 'Iced Signature Mocha is a decadent mix of rich espresso and smooth chocolate, balanced with creamy milk and served with ice for a luxurious coffee moment.', 'Iced Coffee', 'Iced Drinks', true, true, 60),
  ('087ee0d3-0c36-5e34-a49e-8ccd93840338', 'Cranberry Iced', 'Cranberry Coffee is a unique fusion of bold coffee and tangy cranberry, paired with ice for a refreshing, fruity twist.', 'Iced Coffee', 'Iced Drinks', true, true, 70),
  ('7c245809-e627-54af-9004-ad6925da16d4', 'Valencia Orange Iced', 'Valencia Orange Coffee is a vibrant blend of espresso and zesty Valencia orange, complemented by ice for a refreshing, citrusy experience.', 'Iced Coffee', 'Iced Drinks', true, true, 80),
  ('0678dd62-081a-5a29-8e47-9d7a07c75907', 'Berry Lemonata Iced', '', 'Iced Non-Coffee', 'Iced Drinks', true, true, 0),
  ('8f61bbf8-99fd-5dc4-a24d-1845c6376867', 'Choco Berry Iced', '', 'Iced Non-Coffee', 'Iced Drinks', true, true, 10),
  ('18116abe-2624-5c1b-9f9c-7d2085e45847', 'Sunrise Iced', '', 'Iced Non-Coffee', 'Iced Drinks', true, true, 20),
  ('5ccfe87f-cdfc-525f-8c71-ce0c8f1dafe2', 'Raspberry Cream Iced', '', 'Iced Non-Coffee', 'Iced Drinks', true, true, 30),
  ('be790e9b-6e7c-52c2-a6b8-a59515f32623', 'Tripple Choco', 'Triple Choco Waffle is a decadent treat featuring a soft vanilla waffle base, generously topped with creamy milk chocolate and artfully drizzled with rich dark and silky white liquid chocolate for the ultimate chocolate lover''s delight.', 'Stick Waffles', '', true, true, 0),
  ('d36ff0fc-1b31-5443-bf09-09730718d3a7', 'Choco-Chips', 'Choco-Chips Waffle is a chocolate lover''s dream with a rich chocolate waffle base, topped with smooth milk chocolate, sprinkled with dark and white chocolate chips, and finished with a drizzle of dark chocolate.', 'Stick Waffles', '', true, true, 10),
  ('c4c7a9fa-b903-5f6d-94ee-f00f954432f0', 'Dark Fantasy', 'Dark Fantasy Waffle is an indulgent delight with a rich chocolate waffle base, topped with luscious dark chocolate and sprinkled with crunchy dark chocolate chips for an intense chocolate experience.', 'Stick Waffles', '', true, true, 20),
  ('dc622403-ce78-576a-99b4-513107fdc8dc', 'White Garland', 'White Garland Waffle is a heavenly creation with a vibrant red velvet waffle base, topped with creamy white chocolate and adorned with delicate white chocolate chips for a perfectly elegant treat.', 'Stick Waffles', '', true, true, 30),
  ('249b79d2-36c9-55d0-9b7c-6c45822ca44e', 'Signature Choco', 'Signature Choco Waffle is a classic indulgence featuring a soft vanilla waffle base, topped with smooth milk chocolate and finished with a rich drizzle of dark chocolate.', 'Stick Waffles', '', true, true, 40),
  ('cae51448-75c4-5c5f-bc88-68272a861a05', 'Almond Honey', 'Almond Honey Waffle is a delightful combination of a soft vanilla and almond waffle base, topped with sweet, golden honey and garnished with crunchy almond slivers for a perfect balance of sweetness and crunch.', 'Stick Waffles', '', true, true, 50),
  ('748d9739-c8a7-54af-be21-d59684ce5d3c', 'Black Forest', 'Black Forest Waffle features a soft vanilla waffle base, topped with rich dark chocolate, sprinkled with dark chocolate chips, and finished with a drizzle of silky white chocolate for a perfect balance of flavors.', 'Stick Waffles', '', true, true, 60),
  ('5131e1d2-1284-556d-8390-1a560dae0f0e', 'Oreo-Heaven', 'Oreo-Heaven Waffle is a dreamy treat with a vanilla and Oreo-infused waffle base, topped with smooth white chocolate, finished with crushed Oreo pieces, and drizzled with rich dark chocolate for the ultimate indulgence.', 'Stick Waffles', '', true, true, 70),
  ('40337109-bd1e-558d-9c22-a0d9f6f55a19', 'Cinoffle', 'Cinoffle Waffle combines a warm vanilla and cinnamon-infused waffle base, topped with smooth white chocolate, garnished with a sprinkle of cinnamon, and finished with a drizzle of rich dark chocolate for a cozy, flavorful treat.', 'Stick Waffles', '', true, true, 80),
  ('15be1217-ead5-5846-a9bd-8276abbc120c', 'Krazy Kit-kat', 'Krazy Kitkat Waffle features a soft vanilla waffle base, topped with smooth milk chocolate, loaded with crunchy KitKat chunks, and finished with a drizzle of creamy milk chocolate for the perfect combination of sweetness and crunch.', 'Stick Waffles', '', true, true, 90),
  ('4a71d039-b9bf-5fcd-a32e-d17ad6d4a7db', 'Butterscotch', 'Butterscotch Waffle is a delightful treat with a soft vanilla waffle base, topped with smooth white chocolate, finished with crunchy caramel bits, and drizzled with rich caramel for a perfect balance of sweetness and texture.', 'Stick Waffles', '', true, true, 100),
  ('18c3e9df-c86d-534b-9c35-3cd7d220274e', 'Nutella', 'Nutella Waffle features a soft vanilla waffle base, topped with creamy Nutella, and finished with a rich drizzle of both dark and milk chocolate for a perfectly indulgent treat.', 'Stick Waffles', '', true, true, 110),
  ('f42d53fc-d07e-5349-9bfa-72bd8ff99c2c', 'Nutella-Almond', 'Nutella-Almond Waffle features a soft vanilla and almond-infused waffle base, topped with creamy Nutella and finished with crunchy almond slivers for a delightful balance of smooth and nutty flavors.', 'Stick Waffles', '', true, true, 120),
  ('d45ad8ff-942f-5f7c-b72c-7357fb414d91', 'Nutella-Hazelnut', 'Nutella-Hazelnut Waffle features a soft vanilla and hazelnut-infused waffle base, topped with creamy Nutella and finished with crunchy hazelnuts for a perfect blend of smooth chocolate and nutty texture.', 'Stick Waffles', '', true, true, 130),
  ('997a0e1b-ce6e-57f6-bd18-4cb1297a35fb', 'Signature Cream Stuffed', '', 'Stuffed Waffles', '', true, true, 0),
  ('1e194a7f-e1a0-59c4-afcc-4e7f98a4b8b7', 'Choco-Chip Stuffed', '', 'Stuffed Waffles', '', true, true, 10),
  ('97d17ad1-fcc8-54d5-a7b1-56a76eb51b8e', 'Devils Own Stuffed', '', 'Stuffed Waffles', '', true, true, 20),
  ('5042d811-d96c-56d8-b53b-6296974778c3', 'Garlic Bread Toast', '', 'Eatery', '', true, true, 0),
  ('b71cfccb-8411-529d-a9a2-2d96c3ddfd7e', 'Choco Chip Cupcake', '', 'Cup Cakes', '', true, true, 0),
  ('76fa2c63-0891-50ec-a150-001610c0ebeb', 'White Garland Cupcake', '', 'Cup Cakes', '', true, true, 10),
  ('2af80ea0-0da7-5b73-aa07-675440a2d495', 'Oreo Heaven Cupcake', '', 'Cup Cakes', '', true, true, 20),
  ('7a673ffa-4d0b-5c52-b054-a46d5dbd651e', 'Butter Croissant', '', 'Eatery', '', true, true, 10),
  ('e44a902b-cd3a-57c2-891f-8e26549f0af5', 'Nutella Almond Croissant', '', 'Eatery', '', true, true, 20),
  ('e999c389-d63a-5b41-b53d-1bfc8ebb10ab', 'Signature Iced Brew', 'Signature Iced Brew is a meticulously brewed cold coffee, steeped for 18-24 hours to extract a rich, smooth flavor. Served over ice, it delivers a refreshingly bold and naturally sweet coffee experience without the bitterness.', 'Cold Brews', '', true, true, 0),
  ('672bb1a8-90ef-5036-bbd7-932a0020e728', 'Vanilla Creme Cold Brew', 'Vanilla Crème Cold Brew is a smooth, rich cold brew coffee, steeped for 18-24 hours and infused with a hint of vanilla, topped with a creamy, velvety finish for a refreshing and indulgent experience.', 'Cold Brews', '', true, true, 10),
  ('4f728165-d097-5915-b7ac-07eaad3230ce', 'Toffee Nut Cold Brew', 'Toffee Nut Cold Brew is a smooth, rich cold brew coffee, steeped for 18-24 hours, infused with the sweet flavors of caramel and a hint of hazelnut, topped with a creamy finish for a deliciously nutty and indulgent experience.', 'Cold Brews', '', true, true, 20),
  ('b78d7739-5b4b-5c92-8899-31b3fbd4188e', 'Choco Truffle Slice', '', 'Cup Cakes', '', true, true, 30),
  ('c3ebd4ab-b29d-5864-a65f-aeef5e75057e', 'Rose Creme', 'Rose Crème is a delicate cold coffee infused with the subtle floral essence of rose, topped with a silky, creamy whip for a refreshing and elegant treat.', 'Creme Coffee', 'Creme', true, true, 70),
  ('9486c7b3-8f4d-5feb-b4c3-a7b137b23b1a', 'Nutella Mocha', 'A Nutella Mocha is a decadent blend of rich espresso, velvety steamed milk, Nutella Spread, topped with a silky layer of foam for a perfect balance of sweetness and depth. Note: Please be aware that micro-foam may not retain its texture as effectively during transit in a sealed takeaway cup. The delicate foam, created by incorporating air, can gradually dissipate over time.', 'Coffee', 'Hot', true, true, 130),
  ('64298bb6-6389-5e70-82d7-a465426c822c', 'Nutella Iced Mocha', 'Nutella Mocha is a decadent espresso combined with creamy Nutella and smooth chocolate, finished with a touch of ice for a rich indulgence.', 'Iced Coffee', 'Iced Drinks', true, true, 90),
  ('6863df71-8f1a-56d9-888f-b62a74771a7e', 'Ginger Orange Honey Tea', '', 'Hot Non-Coffee', 'Hot', true, true, 50),
  ('67cecf0d-fb45-5667-8700-9448a1c70956', 'White Truffle Slice', '', 'Cup Cakes', '', true, true, 40),
  ('9368c670-e5ff-5d54-9320-f0e5189e82da', 'Baked Cheese Nachos', '', 'Eatery', '', true, true, 30),
  ('23756787-4f76-5c04-b165-5a9d557ca06d', 'Brookie Creme', 'Brookie Crème is a luscious cold coffee blended with the perfect mix of brownie and cookie crumbles, topped with a creamy, smooth whip for a rich, indulgent experience.', 'Creme Coffee', 'Creme', true, true, 80),
  ('3dfb0931-0bd1-5d85-a927-5f9a0a31f906', 'Biscoff Eclair', '', 'Cup Cakes', '', true, true, 50),
  ('b7107776-719d-57aa-b4ce-eda4f8c8c47a', 'Death By Chocolate Brownie', '', 'Cup Cakes', '', true, true, 60),
  ('a8e7f035-cd2a-58fd-a107-3ff71f11021c', 'Lotus Biscoff Waffle', '', 'Stick Waffles', '', true, true, 140),
  ('e1867ee3-3273-5dfd-8afe-eac9ded3810e', 'Nutella Stuffed', '', 'Stuffed Waffles', '', true, true, 30),
  ('b8d80339-e92d-5327-916b-1547135f5fd4', 'Biscoff Stuffed', '', 'Stuffed Waffles', '', true, true, 40),
  ('06b169ba-5220-5b18-93f8-2fe38f170a3e', 'White Garland Creme', '', 'Creme Non-Coffee', 'Creme', true, true, 90),
  ('38093105-1e98-539a-8de4-a25d591d9d21', 'Mixed Berry Cheesecake', '', 'Cheesecakes', '', true, true, 0),
  ('c4401762-0346-5cdd-b9fc-76c8d79270c7', 'Mango Cheesecake', '', 'Cheesecakes', '', true, true, 10),
  ('fb7220bf-8264-5c2d-ad3f-1c01fd9ad77a', 'Biscoff Cheesecake', '', 'Cheesecakes', '', true, true, 20),
  ('1fc90f31-a68c-5dd1-9d1f-b7cc7a33f4de', 'Oreo Cheesecake', '', 'Cheesecakes', '', true, true, 30),
  ('45d0e742-6fe6-5f97-b248-051818526783', 'Newyork Style Cheesecake', '', 'Cheesecakes', '', true, true, 40),
  ('9ad6f3de-8a49-5108-a69e-390b77802277', 'Hioc''s Signature Tiramisu', '', 'Cheesecakes', '', true, true, 50),
  ('579e4ab9-f402-5c6c-99ce-9f2d4683c981', 'Cinnamon Iced Cappucino', '', 'Monthly Drops', '', true, true, 0),
  ('6d4fcd95-2a9d-5e5b-90b6-69d2a438289f', 'Cinnamon Roll', '', 'Cup Cakes', '', true, true, 70),
  ('e15fadf8-2a8b-51ce-9213-1cb129206810', 'Spiced Orange Blast Iced', 'Spiced Orange Blast is a refreshing iced drink that blends zesty orange with warm spices, bringing a burst of sunshine and comfort in every sip', 'Monthly Drops', '', true, true, 10),
  ('c5d8ec6e-17d3-5526-8f1c-10e6aef17a06', 'Flaky Almond Croissant', '', 'Eatery', '', true, true, 40),
  ('b85ee516-8313-5c4a-81e2-36513926b69d', 'Matcha Latte Iced', '', 'Iced Non-Coffee', 'Iced Drinks', true, true, 40),
  ('6fe202ed-aa9a-5533-bb47-be893c3de808', 'Strawberry Iced Cappucino', 'Cool down with our signature Strawberry Iced Cappuccino – a dreamy mix of bold espresso and juicy strawberry, crafted with love just for you.', 'Monthly Drops', '', true, true, 20),
  ('ecaefe68-e97a-5e97-8bbe-5f45a3004de2', 'Blueberry Blast Slice', '', 'Cup Cakes', '', true, true, 80),
  ('34f85c73-2e63-51d2-8008-74533dc51d0b', 'Choco Chunk Soft Cookie', '', 'Cup Cakes', '', true, true, 90),
  ('55735eec-d169-51c6-b644-563d96194dc6', 'Tiramisu Latte', '', 'Monthly Drops', '', true, true, 30),
  ('eec6b983-0d81-5530-a972-54a30d9273ff', 'Affogato', '', 'Coffee', 'Hot', true, true, 140),
  ('0a81ba65-bd20-51c7-bca5-09bf10a51248', 'Cinnamon Hot Chocolate', '', 'Hot Non-Coffee', 'Hot', true, true, 60),
  ('6b111aba-e2b1-506e-abf4-3acba7a9bacd', 'Blueberry Iced Matcha', '', 'Iced Non-Coffee', 'Iced Drinks', true, true, 50),
  ('22538b29-1ab1-5cad-b0f1-edd5f1b994ef', 'Mango Iced Matcha', '', 'Iced Non-Coffee', 'Iced Drinks', true, true, 60);

-- Menu item variants (size/portion + price)
insert into menu_item_variants (id, menu_item_id, label, price_inr, sort_order) values
  ('2608ca95-50c7-5ddb-9476-12e2e9fb8ac1', '3dd077ea-b036-58f0-9a3b-dab3746e894c', 'Large', 70, 0),
  ('5bc61971-b333-5db1-b7f3-671552c48469', '3dd077ea-b036-58f0-9a3b-dab3746e894c', 'Extra Large', 105, 10),
  ('dc381300-d1d8-5205-ba74-a27dc94004c7', 'fe41487c-d443-5467-9007-fa4f1a292be6', 'Large', 100, 0),
  ('749e3cf9-4aba-5e9a-8998-07ee5b2f8dd2', 'fe41487c-d443-5467-9007-fa4f1a292be6', 'Extra Large', 115, 10),
  ('e463537d-9b17-551c-80ca-bdec7a8d3a76', '1e25a1e5-beaf-5603-9774-b742a56c75a2', 'Large', 100, 0),
  ('b031198e-5e56-5043-a600-449633fccc3d', '1e25a1e5-beaf-5603-9774-b742a56c75a2', 'Extra Large', 115, 10),
  ('44832dc1-d5c4-5d1d-bc3d-e14fcad7783a', '0b2c8ba9-5d0f-5738-91f6-a7f59a49e82f', 'Large', 110, 0),
  ('07a3f7d3-bb61-569f-9d87-e1b58ae9ab95', '0b2c8ba9-5d0f-5738-91f6-a7f59a49e82f', 'Extra Large', 125, 10),
  ('dabbb0d9-0ba0-5b38-a8a8-9d895bc5f091', '0b5dfda3-043c-5880-bb2a-c68508da02f8', 'Large', 120, 0),
  ('b40a987e-75b6-509b-94dc-13dde1fd7a56', '0b5dfda3-043c-5880-bb2a-c68508da02f8', 'Extra Large', 145, 10),
  ('b1e0fc51-524c-5a8c-a379-42bc365ec037', '0b398e3e-a5b6-5e22-97f3-4a9852293ba2', 'Large', 140, 0),
  ('2ceae891-ad37-5b62-91f7-40d2f716d6cf', '0b398e3e-a5b6-5e22-97f3-4a9852293ba2', 'Extra Large', 160, 10),
  ('6afcb450-be04-56ab-93c0-6bf940f2af6d', 'f10da810-119d-5015-b6a4-83751c3dedd2', 'Large', 145, 0),
  ('bb08d639-2336-5e7a-ae26-daacb542b292', 'f10da810-119d-5015-b6a4-83751c3dedd2', 'Extra Large', 175, 10),
  ('002a8bab-7c7f-58db-9571-f595f7e68cbc', 'fe0ca015-9a8e-5cd2-bd1b-c4f0db7b4787', 'Large', 155, 0),
  ('8c3d2edb-a165-5622-b907-a9460ccf7622', 'fe0ca015-9a8e-5cd2-bd1b-c4f0db7b4787', 'Extra Large', 185, 10),
  ('355b9588-bfa0-59f0-a79f-68337b6d48a3', 'dd1b2f19-315f-5178-b3a2-17ed49ea0bf8', 'Large', 155, 0),
  ('a3db7859-444d-5e29-bf8b-a18490ca1849', 'dd1b2f19-315f-5178-b3a2-17ed49ea0bf8', 'Extra Large', 185, 10),
  ('7e7a616f-af1d-52d7-940d-cbab87449e29', '37bf6600-5d07-5fa9-8a54-0e2c88bbdd03', 'Large', 180, 0),
  ('ea1294fc-84b3-56b7-afd8-c580f31810de', '37bf6600-5d07-5fa9-8a54-0e2c88bbdd03', 'Extra Large', 215, 10),
  ('03c43205-a31d-50ac-afa5-3394c342d23c', '94c5bb54-ea27-57e8-8d7f-67f177600e8e', 'Large', 165, 0),
  ('d5b4489c-2030-5bbb-9196-9584549d4c9d', '94c5bb54-ea27-57e8-8d7f-67f177600e8e', 'Extra Large', 195, 10),
  ('01a50c6a-91db-5e7f-b473-42945b8cad4b', 'ccadd141-90c7-5f9e-bf16-0527fe847bc4', 'Large', 165, 0),
  ('d7573933-7f4e-580d-bcec-3a864ea5eea7', 'ccadd141-90c7-5f9e-bf16-0527fe847bc4', 'Extra Large', 195, 10),
  ('5db6d05e-426d-55ba-99d0-b51e1534afe2', 'bf7f32a3-5801-54b1-ad09-da08b45fc57c', 'Large', 165, 0),
  ('ca481eee-54e3-5e41-921c-43719c15be9a', 'bf7f32a3-5801-54b1-ad09-da08b45fc57c', 'Extra Large', 195, 10),
  ('4033b12f-dc04-550a-82cb-35f3b2749dce', '79a02128-f81c-5615-9db7-bfd6a98eb873', 'Large', 155, 0),
  ('27e90d89-7c4b-543b-ac40-181925ebfd15', '79a02128-f81c-5615-9db7-bfd6a98eb873', 'Extra Large', 185, 10),
  ('523090fb-a3da-5884-9006-01f82de7a707', 'e784a84a-7fac-58a9-afc4-84cc28d4165c', 'Large', 140, 0),
  ('1611f7a4-125b-5f00-b74d-2d5918d096ba', 'e784a84a-7fac-58a9-afc4-84cc28d4165c', 'Extra Large', 160, 10),
  ('163a6737-67da-51cc-a6a3-a43980779cc9', 'a4fd6d6f-bcfb-5e7a-bc34-5317e15676c7', 'Large', 165, 0),
  ('543c9ee9-727d-5286-93d4-1c229224f320', 'a4fd6d6f-bcfb-5e7a-bc34-5317e15676c7', 'Extra Large', 195, 10),
  ('0ed67786-1d8b-5960-bb43-fbb2c83241ee', '145e4b28-3a3c-581d-962a-7e46178e57d7', 'Large', 155, 0),
  ('edb3552e-5f31-570e-bf21-df9d460a4a05', '145e4b28-3a3c-581d-962a-7e46178e57d7', 'Extra Large', 185, 10),
  ('e5e486f1-03de-5ea5-bdc4-a23c794028f9', 'dc447588-fcea-557e-9325-dac7ed3e3667', 'Large', 185, 0),
  ('3f4be075-1a92-533d-a331-5bc93ecd4881', 'dc447588-fcea-557e-9325-dac7ed3e3667', 'Extra Large', 215, 10),
  ('acf3039c-f8c8-5e00-b09c-fdba95039f92', '1af9bf90-8cf9-5a52-be1a-7ee64c853d32', 'Large', 165, 0),
  ('67259279-c0b8-5957-a823-ecff563f79be', '1af9bf90-8cf9-5a52-be1a-7ee64c853d32', 'Extra Large', 185, 10),
  ('d67ad875-da39-5976-886a-1501b9089283', '233ee806-30a4-5de5-bd5c-0cdfeda68edc', 'Large', 200, 0),
  ('003c6096-9ba1-57df-bbb2-6406d7869128', '233ee806-30a4-5de5-bd5c-0cdfeda68edc', 'Extra Large', 225, 10),
  ('8bb1c5fa-9433-54ae-b2ed-59197403b050', '01f78b80-e545-5814-b50d-34b84d650d63', 'Large', 200, 0),
  ('5989cff0-e6f9-5ec3-81e5-bb2b02181aa8', '01f78b80-e545-5814-b50d-34b84d650d63', 'Extra Large', 225, 10),
  ('52b598d2-a3b4-5fa7-87f7-7209108fbc8d', '91c95277-9b4c-550d-9918-43e3279567ff', 'Large', 230, 0),
  ('37f0eb9a-a6c2-5516-a666-8362cc9344e6', '91c95277-9b4c-550d-9918-43e3279567ff', 'Extra Large', 270, 10),
  ('6dd75472-b66f-5a4d-b203-6f9527631b70', 'badf3141-306c-5e55-893d-82fa8619b6a4', 'Large', 245, 0),
  ('43c0f0bd-2c53-5393-84ba-7d17b5eec872', 'badf3141-306c-5e55-893d-82fa8619b6a4', 'Extra Large', 280, 10),
  ('4a1ef861-e294-529d-b445-6476e9d98b74', 'dfaad0d0-f894-5fb6-b939-1614b2ab095f', 'Large', 245, 0),
  ('fd344b03-3a9a-5a8a-82a7-d9a8fc2ea7c7', 'dfaad0d0-f894-5fb6-b939-1614b2ab095f', 'Extra Large', 280, 10),
  ('b9517405-a59b-5ea2-ada7-574a37ea1ab9', '707b512a-23b8-5f11-b6c5-852f1440e5e6', 'Large', 280, 0),
  ('87f5df3f-7f6d-52f7-adc8-be559d79f09a', '707b512a-23b8-5f11-b6c5-852f1440e5e6', 'Extra Large', 310, 10),
  ('e7b5b8e9-7022-51db-b085-b9b308017191', '980e1bf4-1c43-595f-86eb-6f4e28806a44', 'Large', 220, 0),
  ('28382a55-565e-5c61-9073-3f6c59adba12', '980e1bf4-1c43-595f-86eb-6f4e28806a44', 'Extra Large', 245, 10),
  ('8a08088a-a233-5665-af7c-9768bad254ff', 'a7018a27-9df6-5c8a-8f85-fc3030d98f16', 'Large', 215, 0),
  ('608111d1-eb52-585d-8952-9563aaa54d67', 'a7018a27-9df6-5c8a-8f85-fc3030d98f16', 'Extra Large', 240, 10),
  ('89d3e4f8-a340-5aa7-82ea-95ea8ef6aa09', 'a97a21d8-6530-5fad-83a2-8e791fb692ce', 'Large', 185, 0),
  ('a8794371-1d17-5abf-a1f9-1c681e980faf', 'a97a21d8-6530-5fad-83a2-8e791fb692ce', 'Extra Large', 205, 10),
  ('3f4ebc1d-acad-5684-a877-ec10546d42b8', '62869eb0-9080-5867-a363-d50b216fb01e', 'Large', 185, 0),
  ('ade7259c-64a8-5f11-9653-5bd3775f4b39', '62869eb0-9080-5867-a363-d50b216fb01e', 'Extra Large', 205, 10),
  ('933f9960-0ee2-583f-a880-8a336910af3c', '0d34483d-4697-5f4d-a1ed-7a1bcfe74575', 'Large', 185, 0),
  ('184a4db5-a9c4-5437-bcf7-0db339f590d6', '0d34483d-4697-5f4d-a1ed-7a1bcfe74575', 'Extra Large', 205, 10),
  ('c62f6a99-6f06-5bfe-b057-a430f0db2dad', 'd15ca93e-96d7-5cd2-8fac-c8994a2e71bd', 'Large', 175, 0),
  ('5b7b09cf-38fc-55ec-9b29-eed8875a64e7', 'd15ca93e-96d7-5cd2-8fac-c8994a2e71bd', 'Extra Large', 195, 10),
  ('05fdb039-ee47-5fb1-8e4e-c84036fb3acd', 'f7d1a343-e449-5537-94e9-f50da014ef90', 'Large', 195, 0),
  ('bf835aa0-2253-5b23-8ced-5e4a2e4e6843', 'f7d1a343-e449-5537-94e9-f50da014ef90', 'Extra Large', 225, 10),
  ('66cd68a0-4409-5947-a5d1-aa3d9c7757e8', 'd3541394-10ce-5ad8-96f5-e90c5b575903', 'Large', 225, 0),
  ('dec0cf29-b535-5aed-a0a2-7f60f8518e76', 'd3541394-10ce-5ad8-96f5-e90c5b575903', 'Extra Large', 250, 10),
  ('26a909d1-29a1-51ea-9dac-06d2746530ef', '8359091c-8876-5b64-84b4-17cb11b392c2', 'Large', 205, 0),
  ('090bbe1b-b06b-5f2a-92df-45a20f8c32b1', '8359091c-8876-5b64-84b4-17cb11b392c2', 'Extra Large', 235, 10),
  ('272ae3e4-8390-573a-96df-520996a85905', 'c2d5a340-9af4-5194-8902-6b8e3306cdab', 'Large', 115, 0),
  ('d96ca044-f212-5c69-bf32-cd4970b920e0', 'c2d5a340-9af4-5194-8902-6b8e3306cdab', 'Extra Large', 130, 10),
  ('804643c5-98f0-5d38-901d-af47f70c271f', '209a2c0d-f01c-52b8-8098-546102be0971', 'Large', 135, 0),
  ('bac962e5-76c7-5644-b12e-b16ca7948727', '209a2c0d-f01c-52b8-8098-546102be0971', 'Extra Large', 150, 10),
  ('addce6a5-659d-5a09-88a7-3d734f79ac8b', 'a361120c-31be-5223-906f-a60c38a55eae', 'Regular', 45, 0),
  ('0b3342cd-d235-5614-a0a1-9f868bb29ea1', '5666cc6d-af56-5cfc-84db-52cbdd123457', 'Regular', 55, 0),
  ('9f63c7a2-bc9a-5307-9dba-2961fff89034', '0784f179-6799-502c-ae64-9b6c37460227', 'Regular', 60, 0),
  ('545ffe5a-6911-5d0c-8350-cdbdf12442d4', '356e2e4a-3c1b-5086-afb6-7e48bee9e96f', 'Regular', 65, 0),
  ('8bbff28e-b7da-5e48-b6f0-1c1cb2864aed', 'abf76a13-60c7-5c3d-8f88-5c9b9f941526', 'Regular', 75, 0),
  ('28c0d8b5-55db-5777-a322-ab52e1e1ba80', '77b65924-05a1-579d-bb19-389bd3c9964f', 'Regular', 70, 0),
  ('4ac16f15-63e8-5a63-bc2b-c3cb42d5cd47', 'b6245fcc-e6b6-5de2-8ab2-2e64c33acb95', 'Regular', 70, 0),
  ('d2502b25-0001-5ad5-a0bc-9f308f17aacc', 'c7d39e7f-16cb-54ec-a702-d239fc411ab5', 'Regular', 45, 0),
  ('16936890-b138-511c-ab95-9f80e3cec2e9', '90c15567-0b9e-5e68-a88a-082a8888ae4e', 'Regular', 55, 0),
  ('64ad8485-23b4-50c6-baa0-e011c4f5fa9f', 'e49a16df-62cd-5ee9-8ce1-823b56c23934', 'Regular', 60, 0),
  ('cd6c570b-3ab1-5155-a6f9-4e5f16536587', '5d5943b1-7364-50aa-8863-34ff94a2e2d3', 'Regular', 65, 0),
  ('15af8cb9-4533-5c9f-8130-2b960241621b', 'b00c3c01-97d0-5cd6-837a-62da3eaaa625', 'Regular', 70, 0),
  ('d22db072-ab3a-5b52-8b32-eba3b97f4287', 'f1828980-8045-5908-9c78-7cfea73cdd15', 'Large', 130, 0),
  ('42bfd674-dd6b-5609-b4f8-dc892684e7b8', 'f1828980-8045-5908-9c78-7cfea73cdd15', 'Extra Large', 150, 10),
  ('a55afa1e-04a5-5ec2-8ce2-b35da5379cf4', 'df78b99a-ef7d-58ae-9c7f-b6a6bc65bbb2', 'Large', 155, 0),
  ('80cbcf21-9db6-5690-8f60-72d110dd5c20', 'df78b99a-ef7d-58ae-9c7f-b6a6bc65bbb2', 'Extra Large', 175, 10),
  ('159a3f01-d820-5de7-9475-81108b72ff5c', '32a41b58-fb6e-51c5-bb5f-8aa53d65f22d', 'Large', 155, 0),
  ('fbf3555b-bd01-5ca5-b626-f38bb43a8496', '32a41b58-fb6e-51c5-bb5f-8aa53d65f22d', 'Extra Large', 175, 10),
  ('34dbff97-ffe0-5c0b-8108-696f62f27416', '754498a2-fe7e-5c4c-a2e9-b3f868b7592f', 'Large', 165, 0),
  ('94def268-33ea-5c44-b021-8964f35b4494', '754498a2-fe7e-5c4c-a2e9-b3f868b7592f', 'Extra Large', 185, 10),
  ('54950a10-4ab8-5c12-ab1c-d43005e21977', 'fe5ee148-2d0f-52c4-9398-7c4e5bee6dee', 'Large', 175, 0),
  ('0f1ae70f-36bb-546e-8d78-8eb07bb4c616', 'fe5ee148-2d0f-52c4-9398-7c4e5bee6dee', 'Extra Large', 195, 10),
  ('3127c797-ed89-54a8-8c02-10de182451c5', 'cef3e25c-3466-5405-97fe-c0cd7f0d09f0', 'Large', 190, 0),
  ('b6d9c63c-72dd-5172-92b1-51c705bf3f19', 'cef3e25c-3466-5405-97fe-c0cd7f0d09f0', 'Extra Large', 220, 10),
  ('15273bad-e86f-5084-b086-b54b966ee5c5', '3b5a1702-44ef-5bc6-8751-eefcfe988686', 'Large', 190, 0),
  ('32f35aba-69bf-5b3d-9e99-acadf148f085', '3b5a1702-44ef-5bc6-8751-eefcfe988686', 'Extra Large', 215, 10),
  ('df3bd1c5-807a-5e14-b9bb-447301ccc674', '087ee0d3-0c36-5e34-a49e-8ccd93840338', 'Large', 180, 0),
  ('2eebeaa8-8b4b-5226-ae2c-648ada086704', '087ee0d3-0c36-5e34-a49e-8ccd93840338', 'Extra Large', 205, 10),
  ('bb93449f-527d-560a-9e02-59b4e6f55549', '7c245809-e627-54af-9004-ad6925da16d4', 'Large', 180, 0),
  ('e341eaaf-8e8f-53d2-a2ac-0dba0ab914a3', '7c245809-e627-54af-9004-ad6925da16d4', 'Extra Large', 205, 10),
  ('7faf3dc7-0d25-5159-a151-97c4d3b051bc', '0678dd62-081a-5a29-8e47-9d7a07c75907', 'Large', 145, 0),
  ('4f544011-bf46-59e9-b3a0-1ca3f286282e', '0678dd62-081a-5a29-8e47-9d7a07c75907', 'Extra Large', 160, 10),
  ('4355c484-97be-5ca5-8c20-a1855861b5d4', '8f61bbf8-99fd-5dc4-a24d-1845c6376867', 'Large', 155, 0),
  ('1df8b525-5cf5-5766-97aa-76c8233d3412', '8f61bbf8-99fd-5dc4-a24d-1845c6376867', 'Extra Large', 175, 10),
  ('591fd7ce-abb0-5cc3-8ae6-bf7693e2b544', '18116abe-2624-5c1b-9f9c-7d2085e45847', 'Large', 185, 0),
  ('5f86fe93-6817-5187-a217-05811ca74b62', '18116abe-2624-5c1b-9f9c-7d2085e45847', 'Extra Large', 215, 10),
  ('b4d289a1-0763-5a67-8039-66355fadb5ed', '5ccfe87f-cdfc-525f-8c71-ce0c8f1dafe2', 'Large', 185, 0),
  ('ad81d822-54d1-5c98-a5ae-51c012ae798a', '5ccfe87f-cdfc-525f-8c71-ce0c8f1dafe2', 'Extra Large', 215, 10),
  ('e605da6f-458a-5f37-9a5f-101a3460d4e5', 'be790e9b-6e7c-52c2-a6b8-a59515f32623', 'B', 60, 0),
  ('7c5aaba7-e4db-540a-b083-1f13c3651953', 'be790e9b-6e7c-52c2-a6b8-a59515f32623', 'L', 110, 10),
  ('a707b28a-45b9-5c73-8a02-d8219a1fe03d', 'd36ff0fc-1b31-5443-bf09-09730718d3a7', 'B', 65, 0),
  ('f1f4cda8-babd-58fe-8df1-19a64f3d8c66', 'd36ff0fc-1b31-5443-bf09-09730718d3a7', 'L', 115, 10),
  ('0e9569dd-b2b7-506b-8d42-f5b4b929ca76', 'c4c7a9fa-b903-5f6d-94ee-f00f954432f0', 'B', 60, 0),
  ('6e19d22b-65ca-5ea4-808d-67c54b359f7d', 'c4c7a9fa-b903-5f6d-94ee-f00f954432f0', 'L', 110, 10),
  ('eff40697-c662-5239-9a1d-75206943c2d1', 'dc622403-ce78-576a-99b4-513107fdc8dc', 'B', 65, 0),
  ('f411cca2-782c-562f-8089-8409db5e78db', 'dc622403-ce78-576a-99b4-513107fdc8dc', 'L', 115, 10),
  ('59ef0fb1-bf7a-5e0f-9b7a-2b54054b8ff0', '249b79d2-36c9-55d0-9b7c-6c45822ca44e', 'B', 55, 0),
  ('02782e42-c021-517b-ba9b-3756a843c2f0', '249b79d2-36c9-55d0-9b7c-6c45822ca44e', 'L', 100, 10),
  ('ff42ed93-a9ae-514a-b98c-e5244df15325', 'cae51448-75c4-5c5f-bc88-68272a861a05', 'B', 60, 0),
  ('058dee91-f48b-5bd6-93d8-42cd7017c41b', 'cae51448-75c4-5c5f-bc88-68272a861a05', 'L', 110, 10),
  ('138d772f-67a4-5a4d-b3de-f8383c53c147', '748d9739-c8a7-54af-be21-d59684ce5d3c', 'B', 70, 0),
  ('fc79111c-5ffc-5a89-b220-3f226d8e73e8', '748d9739-c8a7-54af-be21-d59684ce5d3c', 'L', 125, 10),
  ('e5456152-6d34-5290-a83c-393c08e87df0', '5131e1d2-1284-556d-8390-1a560dae0f0e', 'B', 80, 0),
  ('1f26b643-f336-5263-b120-af5315803bff', '5131e1d2-1284-556d-8390-1a560dae0f0e', 'L', 135, 10),
  ('dc64afb9-e914-5bf3-b96e-3fe3e26db446', '40337109-bd1e-558d-9c22-a0d9f6f55a19', 'B', 80, 0),
  ('dba533bc-0c9a-5aa3-975e-f2c5f7a37388', '40337109-bd1e-558d-9c22-a0d9f6f55a19', 'L', 135, 10),
  ('1105ba34-b399-52fe-93b6-58396e4b290e', '15be1217-ead5-5846-a9bd-8276abbc120c', 'B', 80, 0),
  ('1aa50e12-34ca-5b0e-aaf3-6c61fac06404', '15be1217-ead5-5846-a9bd-8276abbc120c', 'L', 135, 10),
  ('a979eaff-1a9a-52ad-993c-b6ce78221de0', '4a71d039-b9bf-5fcd-a32e-d17ad6d4a7db', 'B', 70, 0),
  ('3590398d-eda2-5186-8de9-b7b08309b5af', '4a71d039-b9bf-5fcd-a32e-d17ad6d4a7db', 'L', 125, 10),
  ('37b6d543-1e46-59a4-b70e-a437fd8680ff', '18c3e9df-c86d-534b-9c35-3cd7d220274e', 'B', 80, 0),
  ('0807586e-3d5f-56bd-8163-92a2db029ae2', '18c3e9df-c86d-534b-9c35-3cd7d220274e', 'L', 135, 10),
  ('8013c0f5-191a-5245-90f3-ec860025ff24', 'f42d53fc-d07e-5349-9bfa-72bd8ff99c2c', 'B', 85, 0),
  ('7a8d3c52-8db0-5ee2-83fe-5c50a04573a9', 'f42d53fc-d07e-5349-9bfa-72bd8ff99c2c', 'L', 145, 10),
  ('6fa37a59-8726-5400-996d-082b60fcd05e', 'd45ad8ff-942f-5f7c-b72c-7357fb414d91', 'B', 85, 0),
  ('d2de97d8-915e-5680-83c8-36d2ace21e9f', 'd45ad8ff-942f-5f7c-b72c-7357fb414d91', 'L', 145, 10),
  ('7655f03d-0eed-5b6f-aa83-c7266bfa9375', '997a0e1b-ce6e-57f6-bd18-4cb1297a35fb', 'Regular', 105, 0),
  ('3820efef-ee47-507f-a1a1-9c87372782bb', '1e194a7f-e1a0-59c4-afcc-4e7f98a4b8b7', 'Regular', 115, 0),
  ('6712c1ab-0011-558c-bf87-55eee90326c0', '97d17ad1-fcc8-54d5-a7b1-56a76eb51b8e', 'Regular', 130, 0),
  ('110d9d5c-fadc-514a-92f5-cf82a7f92af6', '5042d811-d96c-56d8-b53b-6296974778c3', 'Regular', 115, 0),
  ('2d5b71ba-0d97-5148-b4cb-1cb412e1b4a8', 'b71cfccb-8411-529d-a9a2-2d96c3ddfd7e', 'Regular', 65, 0),
  ('f6f6a7c7-d828-5d06-b929-8f8b20250bae', '76fa2c63-0891-50ec-a150-001610c0ebeb', 'Regular', 65, 0),
  ('9db2bded-df17-5145-a414-0eabf0ed4705', '2af80ea0-0da7-5b73-aa07-675440a2d495', 'Regular', 80, 0),
  ('cbf0c88c-588a-58b7-acb2-820933cd0393', '7a673ffa-4d0b-5c52-b054-a46d5dbd651e', 'Mini', 65, 0),
  ('dec4bac4-0afb-5a24-b72a-f76f7ada72e8', '7a673ffa-4d0b-5c52-b054-a46d5dbd651e', 'Large', 110, 10),
  ('695eaf5f-fa1c-5787-95ac-bba95d96a5de', 'e44a902b-cd3a-57c2-891f-8e26549f0af5', 'Mini', 85, 0),
  ('b9729648-c2e5-5412-a843-99816b5aaae6', 'e44a902b-cd3a-57c2-891f-8e26549f0af5', 'Large', 155, 10),
  ('203cc0b4-e23c-5757-ae13-d8d27435495e', 'e999c389-d63a-5b41-b53d-1bfc8ebb10ab', 'Large', 155, 0),
  ('37a30190-8fbb-50f1-b73a-c43736163722', 'e999c389-d63a-5b41-b53d-1bfc8ebb10ab', 'Extra Large', 175, 10),
  ('4c88b9d5-075c-5531-9fcf-fc652190ecf4', '672bb1a8-90ef-5036-bbd7-932a0020e728', 'Large', 165, 0),
  ('fd70803d-038f-57d4-a676-fef9d5e99bbe', '672bb1a8-90ef-5036-bbd7-932a0020e728', 'Extra Large', 185, 10),
  ('d3c98081-62fe-566f-a2a0-5b88214c140e', '4f728165-d097-5915-b7ac-07eaad3230ce', 'Large', 185, 0),
  ('8b0edb67-f144-5f3b-9656-c6299740b85a', '4f728165-d097-5915-b7ac-07eaad3230ce', 'Extra Large', 215, 10),
  ('eb1b6c2d-2913-598d-b075-0e792052494f', 'b78d7739-5b4b-5c92-8899-31b3fbd4188e', 'Regular', 125, 0),
  ('85489426-0e58-5cdb-9d4a-73787194745b', 'c3ebd4ab-b29d-5864-a65f-aeef5e75057e', 'Large', 200, 0),
  ('20bce053-edea-50c9-a10b-47e510c68a8f', 'c3ebd4ab-b29d-5864-a65f-aeef5e75057e', 'Extra Large', 225, 10),
  ('77f848fa-6d14-5a65-bcf7-6bef62151de0', '9486c7b3-8f4d-5feb-b4c3-a7b137b23b1a', 'Large', 145, 0),
  ('6daa51e2-aa72-5530-a698-ecdd79dd46ca', '9486c7b3-8f4d-5feb-b4c3-a7b137b23b1a', 'Extra Large', 175, 10),
  ('889dfd7e-1b72-5935-96a7-a3a976b350a1', '64298bb6-6389-5e70-82d7-a465426c822c', 'Large', 225, 0),
  ('ae53545c-be0d-508d-af4b-f2785624df6e', '64298bb6-6389-5e70-82d7-a465426c822c', 'Extra Large', 245, 10),
  ('25b610a4-ca45-5a96-b23c-75f4f53909f6', '6863df71-8f1a-56d9-888f-b62a74771a7e', 'Large', 75, 0),
  ('caefce03-96be-54fb-8d23-4dff2599e58f', '6863df71-8f1a-56d9-888f-b62a74771a7e', 'Extra Large', 95, 10),
  ('addb8a37-011a-5cbd-a665-ce684b050f46', '6863df71-8f1a-56d9-888f-b62a74771a7e', 'Mini(For Store)', 40, 20),
  ('c92923e1-2717-55d0-a908-f6f06b2113a0', '67cecf0d-fb45-5667-8700-9448a1c70956', 'Regular', 95, 0),
  ('0dd2a8b8-e2d4-5aa9-9f26-695af6b59a71', '9368c670-e5ff-5d54-9320-f0e5189e82da', 'Regular', 185, 0),
  ('399da55d-6f82-56b8-8e2f-ea4ad1b9a61d', '23756787-4f76-5c04-b165-5a9d557ca06d', 'Large', 275, 0),
  ('bfab5518-9fca-5002-a5b7-1ff957bbc2f9', '23756787-4f76-5c04-b165-5a9d557ca06d', 'Extra Large', 305, 10),
  ('0fdcdfec-3673-574e-9a68-92a5e6ff8d47', '3dfb0931-0bd1-5d85-a927-5f9a0a31f906', 'Regular', 55, 0),
  ('2603097b-ff3b-5c61-b981-e5243670c914', 'b7107776-719d-57aa-b4ce-eda4f8c8c47a', 'Regular', 115, 0),
  ('97406cd0-1468-5de1-942a-f1f8168c74f4', 'a8e7f035-cd2a-58fd-a107-3ff71f11021c', 'Biscuit', 85, 0),
  ('bfeb13f5-f544-5012-b32f-a74f122ff40e', 'a8e7f035-cd2a-58fd-a107-3ff71f11021c', 'Lolly', 145, 10),
  ('8072e9f5-ab22-599e-ab2a-75e1b0124989', 'e1867ee3-3273-5dfd-8afe-eac9ded3810e', 'Regular', 155, 0),
  ('0cad5414-d825-54f3-ac3b-40dd6d036a16', 'b8d80339-e92d-5327-916b-1547135f5fd4', 'Regular', 155, 0),
  ('8a7cf441-aaa2-591e-ba34-ddfbb7d8e230', '06b169ba-5220-5b18-93f8-2fe38f170a3e', 'Large', 205, 0),
  ('d41b37db-6de5-5e31-896a-0a07ac49f9e7', '06b169ba-5220-5b18-93f8-2fe38f170a3e', 'Extra Large', 235, 10),
  ('7081ab29-9ab7-5aaf-9038-b382a52dec27', '38093105-1e98-539a-8de4-a25d591d9d21', 'Regular', 115, 0),
  ('9d8dc3b5-eea7-5652-af43-8d9f6e9e8d6b', 'c4401762-0346-5cdd-b9fc-76c8d79270c7', 'Regular', 115, 0),
  ('3a950c13-a777-58b4-90ba-8cbc4f355d19', 'fb7220bf-8264-5c2d-ad3f-1c01fd9ad77a', 'Regular', 115, 0),
  ('4f75a1c8-6d3b-59c6-83d8-bea6b79a73ad', '1fc90f31-a68c-5dd1-9d1f-b7cc7a33f4de', 'Regular', 115, 0),
  ('a80f15c4-c955-5ac8-855b-bb3353dfe838', '45d0e742-6fe6-5f97-b248-051818526783', 'Regular', 115, 0),
  ('c31dfec9-8f5e-5bf4-8a5c-f0b47dbeb1b3', '9ad6f3de-8a49-5108-a69e-390b77802277', 'Regular', 195, 0),
  ('fd5d8366-a836-504e-a0c0-d9d5ca4e3eec', '579e4ab9-f402-5c6c-99ce-9f2d4683c981', 'Large', 155, 0),
  ('6f1e44f2-33a6-52f3-a7eb-b1c563a8dddb', '579e4ab9-f402-5c6c-99ce-9f2d4683c981', 'Extra Large', 180, 10),
  ('bd2a48f8-0426-5f1a-acc3-6ad8704dbf1e', '6d4fcd95-2a9d-5e5b-90b6-69d2a438289f', 'Regular', 65, 0),
  ('6f65b928-22a9-52bd-825d-5328065abb41', 'e15fadf8-2a8b-51ce-9213-1cb129206810', 'Large', 150, 0),
  ('92208e77-0dff-5b18-b1ad-8ec031d401e8', 'e15fadf8-2a8b-51ce-9213-1cb129206810', 'Extra Large', 170, 10),
  ('2c529596-b434-5dda-825d-11740dc1a9cf', 'c5d8ec6e-17d3-5526-8f1c-10e6aef17a06', 'Regular', 185, 0),
  ('ad9fd925-9da6-56cd-be9f-949c4f5b0dc3', 'b85ee516-8313-5c4a-81e2-36513926b69d', 'Large', 165, 0),
  ('73fe836b-d972-514c-b345-013c3252529a', 'b85ee516-8313-5c4a-81e2-36513926b69d', 'Extra Large', 190, 10),
  ('228982eb-0aed-5dc4-9eed-f65aba6f13f5', '6fe202ed-aa9a-5533-bb47-be893c3de808', 'Large', 175, 0),
  ('c383bdc4-ca6f-5fdf-a992-add4dd2fcd44', '6fe202ed-aa9a-5533-bb47-be893c3de808', 'Extra Large', 195, 10),
  ('83a02847-1d71-5616-b41d-ca934fef339d', 'ecaefe68-e97a-5e97-8bbe-5f45a3004de2', 'Regular', 95, 0),
  ('83acf61e-3c42-5852-889a-b1b9a1e4497e', '34f85c73-2e63-51d2-8008-74533dc51d0b', 'Regular', 95, 0),
  ('97865a00-3746-5c3c-99ee-6369d6284e8d', '55735eec-d169-51c6-b644-563d96194dc6', 'Large', 185, 0),
  ('166540ce-03ba-5e1c-abf7-b2a3f0a6672e', '55735eec-d169-51c6-b644-563d96194dc6', 'Extra Large', 205, 10),
  ('16de60a1-452a-5c6b-8116-03f13a3f60bf', 'eec6b983-0d81-5530-a972-54a30d9273ff', 'Large', 120, 0),
  ('c937fc19-0e9f-5efd-bd47-a10e7df7a5d1', 'eec6b983-0d81-5530-a972-54a30d9273ff', 'Extra Large', 145, 10),
  ('82ff7aae-6004-561a-8ff9-df53be738d0a', '0a81ba65-bd20-51c7-bca5-09bf10a51248', 'Large', 185, 0),
  ('ddbc5381-55eb-51a5-a4d0-9b0a3d91b7ce', '0a81ba65-bd20-51c7-bca5-09bf10a51248', 'Extra Large', 215, 10),
  ('96d31b3f-843d-5fd7-96a5-08e4dec8e6fb', '6b111aba-e2b1-506e-abf4-3acba7a9bacd', 'Large', 200, 0),
  ('d7d01441-2d8f-566d-9bdd-dbafe1ff7198', '6b111aba-e2b1-506e-abf4-3acba7a9bacd', 'Extra Large', 225, 10),
  ('1f0f8739-ac91-502e-9968-257a9b5d4dde', '22538b29-1ab1-5cad-b0f1-edd5f1b994ef', 'Large', 200, 0),
  ('3b2e7903-6517-5c11-83de-b791a469d691', '22538b29-1ab1-5cad-b0f1-edd5f1b994ef', 'Extra Large', 225, 10);

-- Menu item <-> addon group associations (which customizations apply to which item)
insert into menu_item_addon_groups (menu_item_id, addon_group_id) values
  ('3dd077ea-b036-58f0-9a3b-dab3746e894c', '505aa16e-d2f0-531f-8713-7e971ebc7483'),
  ('3dd077ea-b036-58f0-9a3b-dab3746e894c', '29722f7d-de81-51e3-b942-c60382d4618b'),
  ('3dd077ea-b036-58f0-9a3b-dab3746e894c', '1a0f9c97-193f-5438-b3cc-e9517f80b4af'),
  ('3dd077ea-b036-58f0-9a3b-dab3746e894c', 'c1af2ba5-4193-5a10-9e36-388fed11f66a'),
  ('3dd077ea-b036-58f0-9a3b-dab3746e894c', '7698d5e5-d813-56ca-a29e-4456684eae6f'),
  ('3dd077ea-b036-58f0-9a3b-dab3746e894c', 'e03fb48e-8e3c-5aff-a291-32538abd6c4f'),
  ('fe41487c-d443-5467-9007-fa4f1a292be6', '1a0f9c97-193f-5438-b3cc-e9517f80b4af'),
  ('fe41487c-d443-5467-9007-fa4f1a292be6', '29722f7d-de81-51e3-b942-c60382d4618b'),
  ('fe41487c-d443-5467-9007-fa4f1a292be6', 'c1af2ba5-4193-5a10-9e36-388fed11f66a'),
  ('fe41487c-d443-5467-9007-fa4f1a292be6', 'e03fb48e-8e3c-5aff-a291-32538abd6c4f'),
  ('fe41487c-d443-5467-9007-fa4f1a292be6', '505aa16e-d2f0-531f-8713-7e971ebc7483'),
  ('fe41487c-d443-5467-9007-fa4f1a292be6', '7698d5e5-d813-56ca-a29e-4456684eae6f'),
  ('1e25a1e5-beaf-5603-9774-b742a56c75a2', '1a0f9c97-193f-5438-b3cc-e9517f80b4af'),
  ('1e25a1e5-beaf-5603-9774-b742a56c75a2', '29722f7d-de81-51e3-b942-c60382d4618b'),
  ('1e25a1e5-beaf-5603-9774-b742a56c75a2', 'c1af2ba5-4193-5a10-9e36-388fed11f66a'),
  ('1e25a1e5-beaf-5603-9774-b742a56c75a2', 'e03fb48e-8e3c-5aff-a291-32538abd6c4f'),
  ('1e25a1e5-beaf-5603-9774-b742a56c75a2', '505aa16e-d2f0-531f-8713-7e971ebc7483'),
  ('1e25a1e5-beaf-5603-9774-b742a56c75a2', '7698d5e5-d813-56ca-a29e-4456684eae6f'),
  ('0b2c8ba9-5d0f-5738-91f6-a7f59a49e82f', '1a0f9c97-193f-5438-b3cc-e9517f80b4af'),
  ('0b2c8ba9-5d0f-5738-91f6-a7f59a49e82f', '29722f7d-de81-51e3-b942-c60382d4618b'),
  ('0b2c8ba9-5d0f-5738-91f6-a7f59a49e82f', 'c1af2ba5-4193-5a10-9e36-388fed11f66a'),
  ('0b2c8ba9-5d0f-5738-91f6-a7f59a49e82f', '2aaa1e66-6460-5c5c-9bf1-16d85abc0477'),
  ('0b2c8ba9-5d0f-5738-91f6-a7f59a49e82f', 'e03fb48e-8e3c-5aff-a291-32538abd6c4f'),
  ('0b2c8ba9-5d0f-5738-91f6-a7f59a49e82f', '505aa16e-d2f0-531f-8713-7e971ebc7483'),
  ('0b2c8ba9-5d0f-5738-91f6-a7f59a49e82f', '7698d5e5-d813-56ca-a29e-4456684eae6f'),
  ('0b5dfda3-043c-5880-bb2a-c68508da02f8', '1a0f9c97-193f-5438-b3cc-e9517f80b4af'),
  ('0b5dfda3-043c-5880-bb2a-c68508da02f8', '29722f7d-de81-51e3-b942-c60382d4618b'),
  ('0b5dfda3-043c-5880-bb2a-c68508da02f8', 'c1af2ba5-4193-5a10-9e36-388fed11f66a'),
  ('0b5dfda3-043c-5880-bb2a-c68508da02f8', '2aaa1e66-6460-5c5c-9bf1-16d85abc0477'),
  ('0b5dfda3-043c-5880-bb2a-c68508da02f8', 'e03fb48e-8e3c-5aff-a291-32538abd6c4f'),
  ('0b5dfda3-043c-5880-bb2a-c68508da02f8', '505aa16e-d2f0-531f-8713-7e971ebc7483'),
  ('0b5dfda3-043c-5880-bb2a-c68508da02f8', '7698d5e5-d813-56ca-a29e-4456684eae6f'),
  ('0b398e3e-a5b6-5e22-97f3-4a9852293ba2', '1a0f9c97-193f-5438-b3cc-e9517f80b4af'),
  ('0b398e3e-a5b6-5e22-97f3-4a9852293ba2', '29722f7d-de81-51e3-b942-c60382d4618b'),
  ('0b398e3e-a5b6-5e22-97f3-4a9852293ba2', 'c1af2ba5-4193-5a10-9e36-388fed11f66a'),
  ('0b398e3e-a5b6-5e22-97f3-4a9852293ba2', '2aaa1e66-6460-5c5c-9bf1-16d85abc0477'),
  ('0b398e3e-a5b6-5e22-97f3-4a9852293ba2', 'e03fb48e-8e3c-5aff-a291-32538abd6c4f'),
  ('0b398e3e-a5b6-5e22-97f3-4a9852293ba2', '505aa16e-d2f0-531f-8713-7e971ebc7483'),
  ('0b398e3e-a5b6-5e22-97f3-4a9852293ba2', '7698d5e5-d813-56ca-a29e-4456684eae6f'),
  ('f10da810-119d-5015-b6a4-83751c3dedd2', '1a0f9c97-193f-5438-b3cc-e9517f80b4af'),
  ('f10da810-119d-5015-b6a4-83751c3dedd2', '29722f7d-de81-51e3-b942-c60382d4618b'),
  ('f10da810-119d-5015-b6a4-83751c3dedd2', 'c1af2ba5-4193-5a10-9e36-388fed11f66a'),
  ('f10da810-119d-5015-b6a4-83751c3dedd2', '2aaa1e66-6460-5c5c-9bf1-16d85abc0477'),
  ('f10da810-119d-5015-b6a4-83751c3dedd2', 'e03fb48e-8e3c-5aff-a291-32538abd6c4f'),
  ('f10da810-119d-5015-b6a4-83751c3dedd2', '505aa16e-d2f0-531f-8713-7e971ebc7483'),
  ('f10da810-119d-5015-b6a4-83751c3dedd2', '7698d5e5-d813-56ca-a29e-4456684eae6f'),
  ('fe0ca015-9a8e-5cd2-bd1b-c4f0db7b4787', '1a0f9c97-193f-5438-b3cc-e9517f80b4af'),
  ('fe0ca015-9a8e-5cd2-bd1b-c4f0db7b4787', '29722f7d-de81-51e3-b942-c60382d4618b'),
  ('fe0ca015-9a8e-5cd2-bd1b-c4f0db7b4787', 'c1af2ba5-4193-5a10-9e36-388fed11f66a'),
  ('fe0ca015-9a8e-5cd2-bd1b-c4f0db7b4787', '2aaa1e66-6460-5c5c-9bf1-16d85abc0477'),
  ('fe0ca015-9a8e-5cd2-bd1b-c4f0db7b4787', 'e03fb48e-8e3c-5aff-a291-32538abd6c4f'),
  ('fe0ca015-9a8e-5cd2-bd1b-c4f0db7b4787', '505aa16e-d2f0-531f-8713-7e971ebc7483'),
  ('fe0ca015-9a8e-5cd2-bd1b-c4f0db7b4787', '7698d5e5-d813-56ca-a29e-4456684eae6f'),
  ('dd1b2f19-315f-5178-b3a2-17ed49ea0bf8', '1a0f9c97-193f-5438-b3cc-e9517f80b4af'),
  ('dd1b2f19-315f-5178-b3a2-17ed49ea0bf8', '29722f7d-de81-51e3-b942-c60382d4618b'),
  ('dd1b2f19-315f-5178-b3a2-17ed49ea0bf8', 'c1af2ba5-4193-5a10-9e36-388fed11f66a'),
  ('dd1b2f19-315f-5178-b3a2-17ed49ea0bf8', '2aaa1e66-6460-5c5c-9bf1-16d85abc0477'),
  ('dd1b2f19-315f-5178-b3a2-17ed49ea0bf8', 'e03fb48e-8e3c-5aff-a291-32538abd6c4f'),
  ('dd1b2f19-315f-5178-b3a2-17ed49ea0bf8', '505aa16e-d2f0-531f-8713-7e971ebc7483'),
  ('dd1b2f19-315f-5178-b3a2-17ed49ea0bf8', '7698d5e5-d813-56ca-a29e-4456684eae6f'),
  ('37bf6600-5d07-5fa9-8a54-0e2c88bbdd03', '1a0f9c97-193f-5438-b3cc-e9517f80b4af'),
  ('37bf6600-5d07-5fa9-8a54-0e2c88bbdd03', '29722f7d-de81-51e3-b942-c60382d4618b'),
  ('37bf6600-5d07-5fa9-8a54-0e2c88bbdd03', 'c1af2ba5-4193-5a10-9e36-388fed11f66a'),
  ('37bf6600-5d07-5fa9-8a54-0e2c88bbdd03', '2aaa1e66-6460-5c5c-9bf1-16d85abc0477'),
  ('37bf6600-5d07-5fa9-8a54-0e2c88bbdd03', 'e03fb48e-8e3c-5aff-a291-32538abd6c4f'),
  ('37bf6600-5d07-5fa9-8a54-0e2c88bbdd03', '505aa16e-d2f0-531f-8713-7e971ebc7483'),
  ('37bf6600-5d07-5fa9-8a54-0e2c88bbdd03', '7698d5e5-d813-56ca-a29e-4456684eae6f'),
  ('94c5bb54-ea27-57e8-8d7f-67f177600e8e', '1a0f9c97-193f-5438-b3cc-e9517f80b4af'),
  ('94c5bb54-ea27-57e8-8d7f-67f177600e8e', '29722f7d-de81-51e3-b942-c60382d4618b'),
  ('94c5bb54-ea27-57e8-8d7f-67f177600e8e', 'c1af2ba5-4193-5a10-9e36-388fed11f66a'),
  ('94c5bb54-ea27-57e8-8d7f-67f177600e8e', '2aaa1e66-6460-5c5c-9bf1-16d85abc0477'),
  ('94c5bb54-ea27-57e8-8d7f-67f177600e8e', 'e03fb48e-8e3c-5aff-a291-32538abd6c4f'),
  ('94c5bb54-ea27-57e8-8d7f-67f177600e8e', '505aa16e-d2f0-531f-8713-7e971ebc7483'),
  ('94c5bb54-ea27-57e8-8d7f-67f177600e8e', '7698d5e5-d813-56ca-a29e-4456684eae6f'),
  ('ccadd141-90c7-5f9e-bf16-0527fe847bc4', '1a0f9c97-193f-5438-b3cc-e9517f80b4af'),
  ('ccadd141-90c7-5f9e-bf16-0527fe847bc4', '29722f7d-de81-51e3-b942-c60382d4618b'),
  ('ccadd141-90c7-5f9e-bf16-0527fe847bc4', 'c1af2ba5-4193-5a10-9e36-388fed11f66a'),
  ('ccadd141-90c7-5f9e-bf16-0527fe847bc4', '2aaa1e66-6460-5c5c-9bf1-16d85abc0477'),
  ('ccadd141-90c7-5f9e-bf16-0527fe847bc4', 'e03fb48e-8e3c-5aff-a291-32538abd6c4f'),
  ('ccadd141-90c7-5f9e-bf16-0527fe847bc4', '505aa16e-d2f0-531f-8713-7e971ebc7483'),
  ('ccadd141-90c7-5f9e-bf16-0527fe847bc4', '7698d5e5-d813-56ca-a29e-4456684eae6f'),
  ('bf7f32a3-5801-54b1-ad09-da08b45fc57c', '1a0f9c97-193f-5438-b3cc-e9517f80b4af'),
  ('bf7f32a3-5801-54b1-ad09-da08b45fc57c', '29722f7d-de81-51e3-b942-c60382d4618b'),
  ('bf7f32a3-5801-54b1-ad09-da08b45fc57c', 'c1af2ba5-4193-5a10-9e36-388fed11f66a'),
  ('bf7f32a3-5801-54b1-ad09-da08b45fc57c', '2aaa1e66-6460-5c5c-9bf1-16d85abc0477'),
  ('bf7f32a3-5801-54b1-ad09-da08b45fc57c', 'e03fb48e-8e3c-5aff-a291-32538abd6c4f'),
  ('bf7f32a3-5801-54b1-ad09-da08b45fc57c', '505aa16e-d2f0-531f-8713-7e971ebc7483'),
  ('bf7f32a3-5801-54b1-ad09-da08b45fc57c', '7698d5e5-d813-56ca-a29e-4456684eae6f'),
  ('79a02128-f81c-5615-9db7-bfd6a98eb873', '1a0f9c97-193f-5438-b3cc-e9517f80b4af'),
  ('79a02128-f81c-5615-9db7-bfd6a98eb873', '29722f7d-de81-51e3-b942-c60382d4618b'),
  ('79a02128-f81c-5615-9db7-bfd6a98eb873', 'c1af2ba5-4193-5a10-9e36-388fed11f66a'),
  ('79a02128-f81c-5615-9db7-bfd6a98eb873', '2aaa1e66-6460-5c5c-9bf1-16d85abc0477'),
  ('79a02128-f81c-5615-9db7-bfd6a98eb873', 'e03fb48e-8e3c-5aff-a291-32538abd6c4f'),
  ('79a02128-f81c-5615-9db7-bfd6a98eb873', '7698d5e5-d813-56ca-a29e-4456684eae6f'),
  ('e784a84a-7fac-58a9-afc4-84cc28d4165c', '1a0f9c97-193f-5438-b3cc-e9517f80b4af'),
  ('e784a84a-7fac-58a9-afc4-84cc28d4165c', '29722f7d-de81-51e3-b942-c60382d4618b'),
  ('e784a84a-7fac-58a9-afc4-84cc28d4165c', 'c1af2ba5-4193-5a10-9e36-388fed11f66a'),
  ('e784a84a-7fac-58a9-afc4-84cc28d4165c', '2aaa1e66-6460-5c5c-9bf1-16d85abc0477'),
  ('e784a84a-7fac-58a9-afc4-84cc28d4165c', 'e03fb48e-8e3c-5aff-a291-32538abd6c4f'),
  ('e784a84a-7fac-58a9-afc4-84cc28d4165c', '7698d5e5-d813-56ca-a29e-4456684eae6f'),
  ('a4fd6d6f-bcfb-5e7a-bc34-5317e15676c7', '1a0f9c97-193f-5438-b3cc-e9517f80b4af'),
  ('a4fd6d6f-bcfb-5e7a-bc34-5317e15676c7', '29722f7d-de81-51e3-b942-c60382d4618b'),
  ('a4fd6d6f-bcfb-5e7a-bc34-5317e15676c7', 'c1af2ba5-4193-5a10-9e36-388fed11f66a'),
  ('a4fd6d6f-bcfb-5e7a-bc34-5317e15676c7', '2aaa1e66-6460-5c5c-9bf1-16d85abc0477'),
  ('a4fd6d6f-bcfb-5e7a-bc34-5317e15676c7', 'e03fb48e-8e3c-5aff-a291-32538abd6c4f'),
  ('a4fd6d6f-bcfb-5e7a-bc34-5317e15676c7', '7698d5e5-d813-56ca-a29e-4456684eae6f'),
  ('145e4b28-3a3c-581d-962a-7e46178e57d7', '1a0f9c97-193f-5438-b3cc-e9517f80b4af'),
  ('145e4b28-3a3c-581d-962a-7e46178e57d7', '29722f7d-de81-51e3-b942-c60382d4618b'),
  ('145e4b28-3a3c-581d-962a-7e46178e57d7', 'c1af2ba5-4193-5a10-9e36-388fed11f66a'),
  ('145e4b28-3a3c-581d-962a-7e46178e57d7', '2aaa1e66-6460-5c5c-9bf1-16d85abc0477'),
  ('145e4b28-3a3c-581d-962a-7e46178e57d7', 'e03fb48e-8e3c-5aff-a291-32538abd6c4f'),
  ('145e4b28-3a3c-581d-962a-7e46178e57d7', '7698d5e5-d813-56ca-a29e-4456684eae6f'),
  ('145e4b28-3a3c-581d-962a-7e46178e57d7', 'a7703ec2-345f-57e8-882d-91d7d6b06f21'),
  ('dc447588-fcea-557e-9325-dac7ed3e3667', '2aaa1e66-6460-5c5c-9bf1-16d85abc0477'),
  ('dc447588-fcea-557e-9325-dac7ed3e3667', '29722f7d-de81-51e3-b942-c60382d4618b'),
  ('dc447588-fcea-557e-9325-dac7ed3e3667', '1a0f9c97-193f-5438-b3cc-e9517f80b4af'),
  ('dc447588-fcea-557e-9325-dac7ed3e3667', 'c1af2ba5-4193-5a10-9e36-388fed11f66a'),
  ('dc447588-fcea-557e-9325-dac7ed3e3667', '7698d5e5-d813-56ca-a29e-4456684eae6f'),
  ('dc447588-fcea-557e-9325-dac7ed3e3667', 'e03fb48e-8e3c-5aff-a291-32538abd6c4f'),
  ('dc447588-fcea-557e-9325-dac7ed3e3667', 'a7703ec2-345f-57e8-882d-91d7d6b06f21'),
  ('1af9bf90-8cf9-5a52-be1a-7ee64c853d32', '1a0f9c97-193f-5438-b3cc-e9517f80b4af'),
  ('1af9bf90-8cf9-5a52-be1a-7ee64c853d32', '29722f7d-de81-51e3-b942-c60382d4618b'),
  ('1af9bf90-8cf9-5a52-be1a-7ee64c853d32', 'c1af2ba5-4193-5a10-9e36-388fed11f66a'),
  ('1af9bf90-8cf9-5a52-be1a-7ee64c853d32', '2aaa1e66-6460-5c5c-9bf1-16d85abc0477'),
  ('1af9bf90-8cf9-5a52-be1a-7ee64c853d32', 'e03fb48e-8e3c-5aff-a291-32538abd6c4f'),
  ('1af9bf90-8cf9-5a52-be1a-7ee64c853d32', '505aa16e-d2f0-531f-8713-7e971ebc7483'),
  ('1af9bf90-8cf9-5a52-be1a-7ee64c853d32', '7698d5e5-d813-56ca-a29e-4456684eae6f'),
  ('233ee806-30a4-5de5-bd5c-0cdfeda68edc', '1a0f9c97-193f-5438-b3cc-e9517f80b4af'),
  ('233ee806-30a4-5de5-bd5c-0cdfeda68edc', '29722f7d-de81-51e3-b942-c60382d4618b'),
  ('233ee806-30a4-5de5-bd5c-0cdfeda68edc', 'c1af2ba5-4193-5a10-9e36-388fed11f66a'),
  ('233ee806-30a4-5de5-bd5c-0cdfeda68edc', '2aaa1e66-6460-5c5c-9bf1-16d85abc0477'),
  ('233ee806-30a4-5de5-bd5c-0cdfeda68edc', '6084d515-ddcd-5ec6-be5f-491b518d16f4'),
  ('233ee806-30a4-5de5-bd5c-0cdfeda68edc', '505aa16e-d2f0-531f-8713-7e971ebc7483'),
  ('233ee806-30a4-5de5-bd5c-0cdfeda68edc', '7698d5e5-d813-56ca-a29e-4456684eae6f'),
  ('01f78b80-e545-5814-b50d-34b84d650d63', '1a0f9c97-193f-5438-b3cc-e9517f80b4af'),
  ('01f78b80-e545-5814-b50d-34b84d650d63', '29722f7d-de81-51e3-b942-c60382d4618b'),
  ('01f78b80-e545-5814-b50d-34b84d650d63', 'c1af2ba5-4193-5a10-9e36-388fed11f66a'),
  ('01f78b80-e545-5814-b50d-34b84d650d63', '2aaa1e66-6460-5c5c-9bf1-16d85abc0477'),
  ('01f78b80-e545-5814-b50d-34b84d650d63', '6084d515-ddcd-5ec6-be5f-491b518d16f4'),
  ('01f78b80-e545-5814-b50d-34b84d650d63', '505aa16e-d2f0-531f-8713-7e971ebc7483'),
  ('01f78b80-e545-5814-b50d-34b84d650d63', '7698d5e5-d813-56ca-a29e-4456684eae6f'),
  ('91c95277-9b4c-550d-9918-43e3279567ff', '1a0f9c97-193f-5438-b3cc-e9517f80b4af'),
  ('91c95277-9b4c-550d-9918-43e3279567ff', '29722f7d-de81-51e3-b942-c60382d4618b'),
  ('91c95277-9b4c-550d-9918-43e3279567ff', 'c1af2ba5-4193-5a10-9e36-388fed11f66a'),
  ('91c95277-9b4c-550d-9918-43e3279567ff', '2aaa1e66-6460-5c5c-9bf1-16d85abc0477'),
  ('91c95277-9b4c-550d-9918-43e3279567ff', '6084d515-ddcd-5ec6-be5f-491b518d16f4'),
  ('91c95277-9b4c-550d-9918-43e3279567ff', '505aa16e-d2f0-531f-8713-7e971ebc7483'),
  ('91c95277-9b4c-550d-9918-43e3279567ff', '7698d5e5-d813-56ca-a29e-4456684eae6f'),
  ('badf3141-306c-5e55-893d-82fa8619b6a4', '1a0f9c97-193f-5438-b3cc-e9517f80b4af'),
  ('badf3141-306c-5e55-893d-82fa8619b6a4', '29722f7d-de81-51e3-b942-c60382d4618b'),
  ('badf3141-306c-5e55-893d-82fa8619b6a4', 'c1af2ba5-4193-5a10-9e36-388fed11f66a'),
  ('badf3141-306c-5e55-893d-82fa8619b6a4', '2aaa1e66-6460-5c5c-9bf1-16d85abc0477'),
  ('badf3141-306c-5e55-893d-82fa8619b6a4', '6084d515-ddcd-5ec6-be5f-491b518d16f4'),
  ('badf3141-306c-5e55-893d-82fa8619b6a4', '505aa16e-d2f0-531f-8713-7e971ebc7483'),
  ('badf3141-306c-5e55-893d-82fa8619b6a4', '7698d5e5-d813-56ca-a29e-4456684eae6f'),
  ('dfaad0d0-f894-5fb6-b939-1614b2ab095f', '1a0f9c97-193f-5438-b3cc-e9517f80b4af'),
  ('dfaad0d0-f894-5fb6-b939-1614b2ab095f', '29722f7d-de81-51e3-b942-c60382d4618b'),
  ('dfaad0d0-f894-5fb6-b939-1614b2ab095f', 'c1af2ba5-4193-5a10-9e36-388fed11f66a'),
  ('dfaad0d0-f894-5fb6-b939-1614b2ab095f', '2aaa1e66-6460-5c5c-9bf1-16d85abc0477'),
  ('dfaad0d0-f894-5fb6-b939-1614b2ab095f', '6084d515-ddcd-5ec6-be5f-491b518d16f4'),
  ('dfaad0d0-f894-5fb6-b939-1614b2ab095f', '505aa16e-d2f0-531f-8713-7e971ebc7483'),
  ('dfaad0d0-f894-5fb6-b939-1614b2ab095f', '7698d5e5-d813-56ca-a29e-4456684eae6f'),
  ('707b512a-23b8-5f11-b6c5-852f1440e5e6', '1a0f9c97-193f-5438-b3cc-e9517f80b4af'),
  ('707b512a-23b8-5f11-b6c5-852f1440e5e6', '29722f7d-de81-51e3-b942-c60382d4618b'),
  ('707b512a-23b8-5f11-b6c5-852f1440e5e6', 'c1af2ba5-4193-5a10-9e36-388fed11f66a'),
  ('707b512a-23b8-5f11-b6c5-852f1440e5e6', '2aaa1e66-6460-5c5c-9bf1-16d85abc0477'),
  ('707b512a-23b8-5f11-b6c5-852f1440e5e6', '6084d515-ddcd-5ec6-be5f-491b518d16f4'),
  ('707b512a-23b8-5f11-b6c5-852f1440e5e6', '505aa16e-d2f0-531f-8713-7e971ebc7483'),
  ('707b512a-23b8-5f11-b6c5-852f1440e5e6', '7698d5e5-d813-56ca-a29e-4456684eae6f'),
  ('980e1bf4-1c43-595f-86eb-6f4e28806a44', '2aaa1e66-6460-5c5c-9bf1-16d85abc0477'),
  ('980e1bf4-1c43-595f-86eb-6f4e28806a44', '29722f7d-de81-51e3-b942-c60382d4618b'),
  ('980e1bf4-1c43-595f-86eb-6f4e28806a44', '1a0f9c97-193f-5438-b3cc-e9517f80b4af'),
  ('980e1bf4-1c43-595f-86eb-6f4e28806a44', 'c1af2ba5-4193-5a10-9e36-388fed11f66a'),
  ('980e1bf4-1c43-595f-86eb-6f4e28806a44', 'e03fb48e-8e3c-5aff-a291-32538abd6c4f'),
  ('980e1bf4-1c43-595f-86eb-6f4e28806a44', '7698d5e5-d813-56ca-a29e-4456684eae6f'),
  ('a7018a27-9df6-5c8a-8f85-fc3030d98f16', '1a0f9c97-193f-5438-b3cc-e9517f80b4af'),
  ('a7018a27-9df6-5c8a-8f85-fc3030d98f16', '29722f7d-de81-51e3-b942-c60382d4618b'),
  ('a7018a27-9df6-5c8a-8f85-fc3030d98f16', 'c1af2ba5-4193-5a10-9e36-388fed11f66a'),
  ('a7018a27-9df6-5c8a-8f85-fc3030d98f16', '2aaa1e66-6460-5c5c-9bf1-16d85abc0477'),
  ('a7018a27-9df6-5c8a-8f85-fc3030d98f16', 'e03fb48e-8e3c-5aff-a291-32538abd6c4f'),
  ('a7018a27-9df6-5c8a-8f85-fc3030d98f16', '7698d5e5-d813-56ca-a29e-4456684eae6f'),
  ('a97a21d8-6530-5fad-83a2-8e791fb692ce', '1a0f9c97-193f-5438-b3cc-e9517f80b4af'),
  ('a97a21d8-6530-5fad-83a2-8e791fb692ce', '29722f7d-de81-51e3-b942-c60382d4618b'),
  ('a97a21d8-6530-5fad-83a2-8e791fb692ce', 'c1af2ba5-4193-5a10-9e36-388fed11f66a'),
  ('a97a21d8-6530-5fad-83a2-8e791fb692ce', '2aaa1e66-6460-5c5c-9bf1-16d85abc0477'),
  ('a97a21d8-6530-5fad-83a2-8e791fb692ce', 'e03fb48e-8e3c-5aff-a291-32538abd6c4f'),
  ('a97a21d8-6530-5fad-83a2-8e791fb692ce', '7698d5e5-d813-56ca-a29e-4456684eae6f'),
  ('62869eb0-9080-5867-a363-d50b216fb01e', '1a0f9c97-193f-5438-b3cc-e9517f80b4af'),
  ('62869eb0-9080-5867-a363-d50b216fb01e', '29722f7d-de81-51e3-b942-c60382d4618b'),
  ('62869eb0-9080-5867-a363-d50b216fb01e', 'c1af2ba5-4193-5a10-9e36-388fed11f66a'),
  ('62869eb0-9080-5867-a363-d50b216fb01e', '2aaa1e66-6460-5c5c-9bf1-16d85abc0477'),
  ('62869eb0-9080-5867-a363-d50b216fb01e', 'e03fb48e-8e3c-5aff-a291-32538abd6c4f'),
  ('62869eb0-9080-5867-a363-d50b216fb01e', '7698d5e5-d813-56ca-a29e-4456684eae6f'),
  ('0d34483d-4697-5f4d-a1ed-7a1bcfe74575', '1a0f9c97-193f-5438-b3cc-e9517f80b4af'),
  ('0d34483d-4697-5f4d-a1ed-7a1bcfe74575', '29722f7d-de81-51e3-b942-c60382d4618b'),
  ('0d34483d-4697-5f4d-a1ed-7a1bcfe74575', 'c1af2ba5-4193-5a10-9e36-388fed11f66a'),
  ('0d34483d-4697-5f4d-a1ed-7a1bcfe74575', '2aaa1e66-6460-5c5c-9bf1-16d85abc0477'),
  ('0d34483d-4697-5f4d-a1ed-7a1bcfe74575', 'e03fb48e-8e3c-5aff-a291-32538abd6c4f'),
  ('0d34483d-4697-5f4d-a1ed-7a1bcfe74575', '7698d5e5-d813-56ca-a29e-4456684eae6f'),
  ('d15ca93e-96d7-5cd2-8fac-c8994a2e71bd', '1a0f9c97-193f-5438-b3cc-e9517f80b4af'),
  ('d15ca93e-96d7-5cd2-8fac-c8994a2e71bd', '29722f7d-de81-51e3-b942-c60382d4618b'),
  ('d15ca93e-96d7-5cd2-8fac-c8994a2e71bd', 'c1af2ba5-4193-5a10-9e36-388fed11f66a'),
  ('d15ca93e-96d7-5cd2-8fac-c8994a2e71bd', '2aaa1e66-6460-5c5c-9bf1-16d85abc0477'),
  ('d15ca93e-96d7-5cd2-8fac-c8994a2e71bd', 'e03fb48e-8e3c-5aff-a291-32538abd6c4f'),
  ('d15ca93e-96d7-5cd2-8fac-c8994a2e71bd', '7698d5e5-d813-56ca-a29e-4456684eae6f'),
  ('f7d1a343-e449-5537-94e9-f50da014ef90', '1a0f9c97-193f-5438-b3cc-e9517f80b4af'),
  ('f7d1a343-e449-5537-94e9-f50da014ef90', '29722f7d-de81-51e3-b942-c60382d4618b'),
  ('f7d1a343-e449-5537-94e9-f50da014ef90', 'c1af2ba5-4193-5a10-9e36-388fed11f66a'),
  ('f7d1a343-e449-5537-94e9-f50da014ef90', '2aaa1e66-6460-5c5c-9bf1-16d85abc0477'),
  ('f7d1a343-e449-5537-94e9-f50da014ef90', 'e03fb48e-8e3c-5aff-a291-32538abd6c4f'),
  ('f7d1a343-e449-5537-94e9-f50da014ef90', '7698d5e5-d813-56ca-a29e-4456684eae6f'),
  ('d3541394-10ce-5ad8-96f5-e90c5b575903', '1a0f9c97-193f-5438-b3cc-e9517f80b4af'),
  ('d3541394-10ce-5ad8-96f5-e90c5b575903', '29722f7d-de81-51e3-b942-c60382d4618b'),
  ('d3541394-10ce-5ad8-96f5-e90c5b575903', 'c1af2ba5-4193-5a10-9e36-388fed11f66a'),
  ('d3541394-10ce-5ad8-96f5-e90c5b575903', '2aaa1e66-6460-5c5c-9bf1-16d85abc0477'),
  ('d3541394-10ce-5ad8-96f5-e90c5b575903', 'e03fb48e-8e3c-5aff-a291-32538abd6c4f'),
  ('d3541394-10ce-5ad8-96f5-e90c5b575903', '7698d5e5-d813-56ca-a29e-4456684eae6f'),
  ('8359091c-8876-5b64-84b4-17cb11b392c2', '1a0f9c97-193f-5438-b3cc-e9517f80b4af'),
  ('8359091c-8876-5b64-84b4-17cb11b392c2', '29722f7d-de81-51e3-b942-c60382d4618b'),
  ('8359091c-8876-5b64-84b4-17cb11b392c2', 'c1af2ba5-4193-5a10-9e36-388fed11f66a'),
  ('8359091c-8876-5b64-84b4-17cb11b392c2', '2aaa1e66-6460-5c5c-9bf1-16d85abc0477'),
  ('8359091c-8876-5b64-84b4-17cb11b392c2', 'e03fb48e-8e3c-5aff-a291-32538abd6c4f'),
  ('8359091c-8876-5b64-84b4-17cb11b392c2', '7698d5e5-d813-56ca-a29e-4456684eae6f'),
  ('c2d5a340-9af4-5194-8902-6b8e3306cdab', '27bc346d-747d-51c7-9b83-cf47ccb198ab'),
  ('c2d5a340-9af4-5194-8902-6b8e3306cdab', '1097a962-4182-5163-b4e0-0c0313779e9f'),
  ('209a2c0d-f01c-52b8-8098-546102be0971', '27bc346d-747d-51c7-9b83-cf47ccb198ab'),
  ('209a2c0d-f01c-52b8-8098-546102be0971', '1097a962-4182-5163-b4e0-0c0313779e9f'),
  ('a361120c-31be-5223-906f-a60c38a55eae', '27bc346d-747d-51c7-9b83-cf47ccb198ab'),
  ('a361120c-31be-5223-906f-a60c38a55eae', '1097a962-4182-5163-b4e0-0c0313779e9f'),
  ('a361120c-31be-5223-906f-a60c38a55eae', 'e03fb48e-8e3c-5aff-a291-32538abd6c4f'),
  ('5666cc6d-af56-5cfc-84db-52cbdd123457', '27bc346d-747d-51c7-9b83-cf47ccb198ab'),
  ('5666cc6d-af56-5cfc-84db-52cbdd123457', '1097a962-4182-5163-b4e0-0c0313779e9f'),
  ('5666cc6d-af56-5cfc-84db-52cbdd123457', 'e03fb48e-8e3c-5aff-a291-32538abd6c4f'),
  ('0784f179-6799-502c-ae64-9b6c37460227', '27bc346d-747d-51c7-9b83-cf47ccb198ab'),
  ('0784f179-6799-502c-ae64-9b6c37460227', '1097a962-4182-5163-b4e0-0c0313779e9f'),
  ('0784f179-6799-502c-ae64-9b6c37460227', 'e03fb48e-8e3c-5aff-a291-32538abd6c4f'),
  ('356e2e4a-3c1b-5086-afb6-7e48bee9e96f', '27bc346d-747d-51c7-9b83-cf47ccb198ab'),
  ('356e2e4a-3c1b-5086-afb6-7e48bee9e96f', '1097a962-4182-5163-b4e0-0c0313779e9f'),
  ('356e2e4a-3c1b-5086-afb6-7e48bee9e96f', 'e03fb48e-8e3c-5aff-a291-32538abd6c4f'),
  ('abf76a13-60c7-5c3d-8f88-5c9b9f941526', '27bc346d-747d-51c7-9b83-cf47ccb198ab'),
  ('abf76a13-60c7-5c3d-8f88-5c9b9f941526', '1097a962-4182-5163-b4e0-0c0313779e9f'),
  ('abf76a13-60c7-5c3d-8f88-5c9b9f941526', 'e03fb48e-8e3c-5aff-a291-32538abd6c4f'),
  ('77b65924-05a1-579d-bb19-389bd3c9964f', '27bc346d-747d-51c7-9b83-cf47ccb198ab'),
  ('77b65924-05a1-579d-bb19-389bd3c9964f', '1097a962-4182-5163-b4e0-0c0313779e9f'),
  ('77b65924-05a1-579d-bb19-389bd3c9964f', 'e03fb48e-8e3c-5aff-a291-32538abd6c4f'),
  ('b6245fcc-e6b6-5de2-8ab2-2e64c33acb95', '27bc346d-747d-51c7-9b83-cf47ccb198ab'),
  ('b6245fcc-e6b6-5de2-8ab2-2e64c33acb95', '1097a962-4182-5163-b4e0-0c0313779e9f'),
  ('b6245fcc-e6b6-5de2-8ab2-2e64c33acb95', 'e03fb48e-8e3c-5aff-a291-32538abd6c4f'),
  ('c7d39e7f-16cb-54ec-a702-d239fc411ab5', '27bc346d-747d-51c7-9b83-cf47ccb198ab'),
  ('c7d39e7f-16cb-54ec-a702-d239fc411ab5', '1097a962-4182-5163-b4e0-0c0313779e9f'),
  ('c7d39e7f-16cb-54ec-a702-d239fc411ab5', 'e03fb48e-8e3c-5aff-a291-32538abd6c4f'),
  ('90c15567-0b9e-5e68-a88a-082a8888ae4e', '27bc346d-747d-51c7-9b83-cf47ccb198ab'),
  ('90c15567-0b9e-5e68-a88a-082a8888ae4e', '1097a962-4182-5163-b4e0-0c0313779e9f'),
  ('90c15567-0b9e-5e68-a88a-082a8888ae4e', 'e03fb48e-8e3c-5aff-a291-32538abd6c4f'),
  ('e49a16df-62cd-5ee9-8ce1-823b56c23934', '27bc346d-747d-51c7-9b83-cf47ccb198ab'),
  ('e49a16df-62cd-5ee9-8ce1-823b56c23934', '1097a962-4182-5163-b4e0-0c0313779e9f'),
  ('e49a16df-62cd-5ee9-8ce1-823b56c23934', 'e03fb48e-8e3c-5aff-a291-32538abd6c4f'),
  ('5d5943b1-7364-50aa-8863-34ff94a2e2d3', '27bc346d-747d-51c7-9b83-cf47ccb198ab'),
  ('5d5943b1-7364-50aa-8863-34ff94a2e2d3', '1097a962-4182-5163-b4e0-0c0313779e9f'),
  ('5d5943b1-7364-50aa-8863-34ff94a2e2d3', 'e03fb48e-8e3c-5aff-a291-32538abd6c4f'),
  ('b00c3c01-97d0-5cd6-837a-62da3eaaa625', '27bc346d-747d-51c7-9b83-cf47ccb198ab'),
  ('b00c3c01-97d0-5cd6-837a-62da3eaaa625', '1097a962-4182-5163-b4e0-0c0313779e9f'),
  ('b00c3c01-97d0-5cd6-837a-62da3eaaa625', 'e03fb48e-8e3c-5aff-a291-32538abd6c4f'),
  ('f1828980-8045-5908-9c78-7cfea73cdd15', '505aa16e-d2f0-531f-8713-7e971ebc7483'),
  ('f1828980-8045-5908-9c78-7cfea73cdd15', '29722f7d-de81-51e3-b942-c60382d4618b'),
  ('f1828980-8045-5908-9c78-7cfea73cdd15', 'c1af2ba5-4193-5a10-9e36-388fed11f66a'),
  ('f1828980-8045-5908-9c78-7cfea73cdd15', '1a0f9c97-193f-5438-b3cc-e9517f80b4af'),
  ('f1828980-8045-5908-9c78-7cfea73cdd15', '92c86d71-8f81-5b53-a4e4-bf2d86674589'),
  ('f1828980-8045-5908-9c78-7cfea73cdd15', '7698d5e5-d813-56ca-a29e-4456684eae6f'),
  ('f1828980-8045-5908-9c78-7cfea73cdd15', 'e03fb48e-8e3c-5aff-a291-32538abd6c4f'),
  ('f1828980-8045-5908-9c78-7cfea73cdd15', '6f643028-8259-52b2-a451-b50a59bc9188'),
  ('f1828980-8045-5908-9c78-7cfea73cdd15', '761aa4c5-22fc-510a-9313-1244aa640d6c'),
  ('df78b99a-ef7d-58ae-9c7f-b6a6bc65bbb2', '1a0f9c97-193f-5438-b3cc-e9517f80b4af'),
  ('df78b99a-ef7d-58ae-9c7f-b6a6bc65bbb2', '29722f7d-de81-51e3-b942-c60382d4618b'),
  ('df78b99a-ef7d-58ae-9c7f-b6a6bc65bbb2', 'c1af2ba5-4193-5a10-9e36-388fed11f66a'),
  ('df78b99a-ef7d-58ae-9c7f-b6a6bc65bbb2', '92c86d71-8f81-5b53-a4e4-bf2d86674589'),
  ('df78b99a-ef7d-58ae-9c7f-b6a6bc65bbb2', 'e03fb48e-8e3c-5aff-a291-32538abd6c4f'),
  ('df78b99a-ef7d-58ae-9c7f-b6a6bc65bbb2', '505aa16e-d2f0-531f-8713-7e971ebc7483'),
  ('df78b99a-ef7d-58ae-9c7f-b6a6bc65bbb2', '7698d5e5-d813-56ca-a29e-4456684eae6f'),
  ('df78b99a-ef7d-58ae-9c7f-b6a6bc65bbb2', '761aa4c5-22fc-510a-9313-1244aa640d6c'),
  ('32a41b58-fb6e-51c5-bb5f-8aa53d65f22d', '1a0f9c97-193f-5438-b3cc-e9517f80b4af'),
  ('32a41b58-fb6e-51c5-bb5f-8aa53d65f22d', '29722f7d-de81-51e3-b942-c60382d4618b'),
  ('32a41b58-fb6e-51c5-bb5f-8aa53d65f22d', 'c1af2ba5-4193-5a10-9e36-388fed11f66a'),
  ('32a41b58-fb6e-51c5-bb5f-8aa53d65f22d', '92c86d71-8f81-5b53-a4e4-bf2d86674589'),
  ('32a41b58-fb6e-51c5-bb5f-8aa53d65f22d', 'e03fb48e-8e3c-5aff-a291-32538abd6c4f'),
  ('32a41b58-fb6e-51c5-bb5f-8aa53d65f22d', '505aa16e-d2f0-531f-8713-7e971ebc7483'),
  ('32a41b58-fb6e-51c5-bb5f-8aa53d65f22d', '7698d5e5-d813-56ca-a29e-4456684eae6f'),
  ('32a41b58-fb6e-51c5-bb5f-8aa53d65f22d', '761aa4c5-22fc-510a-9313-1244aa640d6c'),
  ('754498a2-fe7e-5c4c-a2e9-b3f868b7592f', '1a0f9c97-193f-5438-b3cc-e9517f80b4af'),
  ('754498a2-fe7e-5c4c-a2e9-b3f868b7592f', '29722f7d-de81-51e3-b942-c60382d4618b'),
  ('754498a2-fe7e-5c4c-a2e9-b3f868b7592f', 'c1af2ba5-4193-5a10-9e36-388fed11f66a'),
  ('754498a2-fe7e-5c4c-a2e9-b3f868b7592f', '2aaa1e66-6460-5c5c-9bf1-16d85abc0477'),
  ('754498a2-fe7e-5c4c-a2e9-b3f868b7592f', '92c86d71-8f81-5b53-a4e4-bf2d86674589'),
  ('754498a2-fe7e-5c4c-a2e9-b3f868b7592f', 'e03fb48e-8e3c-5aff-a291-32538abd6c4f'),
  ('754498a2-fe7e-5c4c-a2e9-b3f868b7592f', '505aa16e-d2f0-531f-8713-7e971ebc7483'),
  ('754498a2-fe7e-5c4c-a2e9-b3f868b7592f', 'fe2fc6d7-bf0c-53ad-8b01-46ce2e2c3d0b'),
  ('754498a2-fe7e-5c4c-a2e9-b3f868b7592f', '7698d5e5-d813-56ca-a29e-4456684eae6f'),
  ('fe5ee148-2d0f-52c4-9398-7c4e5bee6dee', '1a0f9c97-193f-5438-b3cc-e9517f80b4af'),
  ('fe5ee148-2d0f-52c4-9398-7c4e5bee6dee', '29722f7d-de81-51e3-b942-c60382d4618b'),
  ('fe5ee148-2d0f-52c4-9398-7c4e5bee6dee', 'c1af2ba5-4193-5a10-9e36-388fed11f66a'),
  ('fe5ee148-2d0f-52c4-9398-7c4e5bee6dee', '2aaa1e66-6460-5c5c-9bf1-16d85abc0477'),
  ('fe5ee148-2d0f-52c4-9398-7c4e5bee6dee', '92c86d71-8f81-5b53-a4e4-bf2d86674589'),
  ('fe5ee148-2d0f-52c4-9398-7c4e5bee6dee', 'e03fb48e-8e3c-5aff-a291-32538abd6c4f'),
  ('fe5ee148-2d0f-52c4-9398-7c4e5bee6dee', '505aa16e-d2f0-531f-8713-7e971ebc7483'),
  ('fe5ee148-2d0f-52c4-9398-7c4e5bee6dee', 'fe2fc6d7-bf0c-53ad-8b01-46ce2e2c3d0b'),
  ('fe5ee148-2d0f-52c4-9398-7c4e5bee6dee', '7698d5e5-d813-56ca-a29e-4456684eae6f'),
  ('cef3e25c-3466-5405-97fe-c0cd7f0d09f0', '1a0f9c97-193f-5438-b3cc-e9517f80b4af'),
  ('cef3e25c-3466-5405-97fe-c0cd7f0d09f0', '29722f7d-de81-51e3-b942-c60382d4618b'),
  ('cef3e25c-3466-5405-97fe-c0cd7f0d09f0', 'c1af2ba5-4193-5a10-9e36-388fed11f66a'),
  ('cef3e25c-3466-5405-97fe-c0cd7f0d09f0', '2aaa1e66-6460-5c5c-9bf1-16d85abc0477'),
  ('cef3e25c-3466-5405-97fe-c0cd7f0d09f0', '92c86d71-8f81-5b53-a4e4-bf2d86674589'),
  ('cef3e25c-3466-5405-97fe-c0cd7f0d09f0', 'e03fb48e-8e3c-5aff-a291-32538abd6c4f'),
  ('cef3e25c-3466-5405-97fe-c0cd7f0d09f0', '505aa16e-d2f0-531f-8713-7e971ebc7483'),
  ('cef3e25c-3466-5405-97fe-c0cd7f0d09f0', 'fe2fc6d7-bf0c-53ad-8b01-46ce2e2c3d0b'),
  ('cef3e25c-3466-5405-97fe-c0cd7f0d09f0', '7698d5e5-d813-56ca-a29e-4456684eae6f'),
  ('3b5a1702-44ef-5bc6-8751-eefcfe988686', '1a0f9c97-193f-5438-b3cc-e9517f80b4af'),
  ('3b5a1702-44ef-5bc6-8751-eefcfe988686', '29722f7d-de81-51e3-b942-c60382d4618b'),
  ('3b5a1702-44ef-5bc6-8751-eefcfe988686', 'c1af2ba5-4193-5a10-9e36-388fed11f66a'),
  ('3b5a1702-44ef-5bc6-8751-eefcfe988686', '2aaa1e66-6460-5c5c-9bf1-16d85abc0477'),
  ('3b5a1702-44ef-5bc6-8751-eefcfe988686', '92c86d71-8f81-5b53-a4e4-bf2d86674589'),
  ('3b5a1702-44ef-5bc6-8751-eefcfe988686', 'e03fb48e-8e3c-5aff-a291-32538abd6c4f'),
  ('3b5a1702-44ef-5bc6-8751-eefcfe988686', '505aa16e-d2f0-531f-8713-7e971ebc7483'),
  ('3b5a1702-44ef-5bc6-8751-eefcfe988686', 'fe2fc6d7-bf0c-53ad-8b01-46ce2e2c3d0b'),
  ('3b5a1702-44ef-5bc6-8751-eefcfe988686', '7698d5e5-d813-56ca-a29e-4456684eae6f'),
  ('087ee0d3-0c36-5e34-a49e-8ccd93840338', '505aa16e-d2f0-531f-8713-7e971ebc7483'),
  ('087ee0d3-0c36-5e34-a49e-8ccd93840338', 'fe2fc6d7-bf0c-53ad-8b01-46ce2e2c3d0b'),
  ('087ee0d3-0c36-5e34-a49e-8ccd93840338', '29722f7d-de81-51e3-b942-c60382d4618b'),
  ('087ee0d3-0c36-5e34-a49e-8ccd93840338', '1a0f9c97-193f-5438-b3cc-e9517f80b4af'),
  ('087ee0d3-0c36-5e34-a49e-8ccd93840338', 'c1af2ba5-4193-5a10-9e36-388fed11f66a'),
  ('087ee0d3-0c36-5e34-a49e-8ccd93840338', '92c86d71-8f81-5b53-a4e4-bf2d86674589'),
  ('087ee0d3-0c36-5e34-a49e-8ccd93840338', '7698d5e5-d813-56ca-a29e-4456684eae6f'),
  ('087ee0d3-0c36-5e34-a49e-8ccd93840338', 'e03fb48e-8e3c-5aff-a291-32538abd6c4f'),
  ('7c245809-e627-54af-9004-ad6925da16d4', '505aa16e-d2f0-531f-8713-7e971ebc7483'),
  ('7c245809-e627-54af-9004-ad6925da16d4', 'fe2fc6d7-bf0c-53ad-8b01-46ce2e2c3d0b'),
  ('7c245809-e627-54af-9004-ad6925da16d4', '29722f7d-de81-51e3-b942-c60382d4618b'),
  ('7c245809-e627-54af-9004-ad6925da16d4', '1a0f9c97-193f-5438-b3cc-e9517f80b4af'),
  ('7c245809-e627-54af-9004-ad6925da16d4', 'c1af2ba5-4193-5a10-9e36-388fed11f66a'),
  ('7c245809-e627-54af-9004-ad6925da16d4', '92c86d71-8f81-5b53-a4e4-bf2d86674589'),
  ('7c245809-e627-54af-9004-ad6925da16d4', '7698d5e5-d813-56ca-a29e-4456684eae6f'),
  ('7c245809-e627-54af-9004-ad6925da16d4', 'e03fb48e-8e3c-5aff-a291-32538abd6c4f'),
  ('0678dd62-081a-5a29-8e47-9d7a07c75907', '1a0f9c97-193f-5438-b3cc-e9517f80b4af'),
  ('0678dd62-081a-5a29-8e47-9d7a07c75907', '29722f7d-de81-51e3-b942-c60382d4618b'),
  ('0678dd62-081a-5a29-8e47-9d7a07c75907', 'c1af2ba5-4193-5a10-9e36-388fed11f66a'),
  ('0678dd62-081a-5a29-8e47-9d7a07c75907', '92c86d71-8f81-5b53-a4e4-bf2d86674589'),
  ('0678dd62-081a-5a29-8e47-9d7a07c75907', 'e03fb48e-8e3c-5aff-a291-32538abd6c4f'),
  ('0678dd62-081a-5a29-8e47-9d7a07c75907', '7698d5e5-d813-56ca-a29e-4456684eae6f'),
  ('0678dd62-081a-5a29-8e47-9d7a07c75907', '761aa4c5-22fc-510a-9313-1244aa640d6c'),
  ('8f61bbf8-99fd-5dc4-a24d-1845c6376867', '1a0f9c97-193f-5438-b3cc-e9517f80b4af'),
  ('8f61bbf8-99fd-5dc4-a24d-1845c6376867', '29722f7d-de81-51e3-b942-c60382d4618b'),
  ('8f61bbf8-99fd-5dc4-a24d-1845c6376867', 'c1af2ba5-4193-5a10-9e36-388fed11f66a'),
  ('8f61bbf8-99fd-5dc4-a24d-1845c6376867', '92c86d71-8f81-5b53-a4e4-bf2d86674589'),
  ('8f61bbf8-99fd-5dc4-a24d-1845c6376867', 'e03fb48e-8e3c-5aff-a291-32538abd6c4f'),
  ('8f61bbf8-99fd-5dc4-a24d-1845c6376867', '7698d5e5-d813-56ca-a29e-4456684eae6f'),
  ('8f61bbf8-99fd-5dc4-a24d-1845c6376867', '761aa4c5-22fc-510a-9313-1244aa640d6c'),
  ('18116abe-2624-5c1b-9f9c-7d2085e45847', '1a0f9c97-193f-5438-b3cc-e9517f80b4af'),
  ('18116abe-2624-5c1b-9f9c-7d2085e45847', '29722f7d-de81-51e3-b942-c60382d4618b'),
  ('18116abe-2624-5c1b-9f9c-7d2085e45847', 'c1af2ba5-4193-5a10-9e36-388fed11f66a'),
  ('18116abe-2624-5c1b-9f9c-7d2085e45847', '92c86d71-8f81-5b53-a4e4-bf2d86674589'),
  ('18116abe-2624-5c1b-9f9c-7d2085e45847', 'e03fb48e-8e3c-5aff-a291-32538abd6c4f'),
  ('18116abe-2624-5c1b-9f9c-7d2085e45847', '7698d5e5-d813-56ca-a29e-4456684eae6f'),
  ('5ccfe87f-cdfc-525f-8c71-ce0c8f1dafe2', '1a0f9c97-193f-5438-b3cc-e9517f80b4af'),
  ('5ccfe87f-cdfc-525f-8c71-ce0c8f1dafe2', '29722f7d-de81-51e3-b942-c60382d4618b'),
  ('5ccfe87f-cdfc-525f-8c71-ce0c8f1dafe2', 'c1af2ba5-4193-5a10-9e36-388fed11f66a'),
  ('5ccfe87f-cdfc-525f-8c71-ce0c8f1dafe2', '92c86d71-8f81-5b53-a4e4-bf2d86674589'),
  ('5ccfe87f-cdfc-525f-8c71-ce0c8f1dafe2', 'e03fb48e-8e3c-5aff-a291-32538abd6c4f'),
  ('5ccfe87f-cdfc-525f-8c71-ce0c8f1dafe2', '7698d5e5-d813-56ca-a29e-4456684eae6f'),
  ('be790e9b-6e7c-52c2-a6b8-a59515f32623', '27bc346d-747d-51c7-9b83-cf47ccb198ab'),
  ('be790e9b-6e7c-52c2-a6b8-a59515f32623', '1097a962-4182-5163-b4e0-0c0313779e9f'),
  ('be790e9b-6e7c-52c2-a6b8-a59515f32623', 'e03fb48e-8e3c-5aff-a291-32538abd6c4f'),
  ('d36ff0fc-1b31-5443-bf09-09730718d3a7', '27bc346d-747d-51c7-9b83-cf47ccb198ab'),
  ('d36ff0fc-1b31-5443-bf09-09730718d3a7', '1097a962-4182-5163-b4e0-0c0313779e9f'),
  ('d36ff0fc-1b31-5443-bf09-09730718d3a7', 'e03fb48e-8e3c-5aff-a291-32538abd6c4f'),
  ('c4c7a9fa-b903-5f6d-94ee-f00f954432f0', '27bc346d-747d-51c7-9b83-cf47ccb198ab'),
  ('c4c7a9fa-b903-5f6d-94ee-f00f954432f0', '1097a962-4182-5163-b4e0-0c0313779e9f'),
  ('c4c7a9fa-b903-5f6d-94ee-f00f954432f0', 'e03fb48e-8e3c-5aff-a291-32538abd6c4f'),
  ('dc622403-ce78-576a-99b4-513107fdc8dc', '27bc346d-747d-51c7-9b83-cf47ccb198ab'),
  ('dc622403-ce78-576a-99b4-513107fdc8dc', '1097a962-4182-5163-b4e0-0c0313779e9f'),
  ('dc622403-ce78-576a-99b4-513107fdc8dc', 'e03fb48e-8e3c-5aff-a291-32538abd6c4f'),
  ('249b79d2-36c9-55d0-9b7c-6c45822ca44e', '27bc346d-747d-51c7-9b83-cf47ccb198ab'),
  ('249b79d2-36c9-55d0-9b7c-6c45822ca44e', '1097a962-4182-5163-b4e0-0c0313779e9f'),
  ('249b79d2-36c9-55d0-9b7c-6c45822ca44e', 'e03fb48e-8e3c-5aff-a291-32538abd6c4f'),
  ('cae51448-75c4-5c5f-bc88-68272a861a05', '27bc346d-747d-51c7-9b83-cf47ccb198ab'),
  ('cae51448-75c4-5c5f-bc88-68272a861a05', '1097a962-4182-5163-b4e0-0c0313779e9f'),
  ('cae51448-75c4-5c5f-bc88-68272a861a05', 'e03fb48e-8e3c-5aff-a291-32538abd6c4f'),
  ('748d9739-c8a7-54af-be21-d59684ce5d3c', '27bc346d-747d-51c7-9b83-cf47ccb198ab'),
  ('748d9739-c8a7-54af-be21-d59684ce5d3c', '1097a962-4182-5163-b4e0-0c0313779e9f'),
  ('748d9739-c8a7-54af-be21-d59684ce5d3c', 'e03fb48e-8e3c-5aff-a291-32538abd6c4f'),
  ('5131e1d2-1284-556d-8390-1a560dae0f0e', '27bc346d-747d-51c7-9b83-cf47ccb198ab'),
  ('5131e1d2-1284-556d-8390-1a560dae0f0e', '1097a962-4182-5163-b4e0-0c0313779e9f'),
  ('5131e1d2-1284-556d-8390-1a560dae0f0e', 'e03fb48e-8e3c-5aff-a291-32538abd6c4f'),
  ('40337109-bd1e-558d-9c22-a0d9f6f55a19', '27bc346d-747d-51c7-9b83-cf47ccb198ab'),
  ('40337109-bd1e-558d-9c22-a0d9f6f55a19', '1097a962-4182-5163-b4e0-0c0313779e9f'),
  ('40337109-bd1e-558d-9c22-a0d9f6f55a19', 'e03fb48e-8e3c-5aff-a291-32538abd6c4f'),
  ('15be1217-ead5-5846-a9bd-8276abbc120c', '27bc346d-747d-51c7-9b83-cf47ccb198ab'),
  ('15be1217-ead5-5846-a9bd-8276abbc120c', '1097a962-4182-5163-b4e0-0c0313779e9f'),
  ('15be1217-ead5-5846-a9bd-8276abbc120c', 'e03fb48e-8e3c-5aff-a291-32538abd6c4f'),
  ('4a71d039-b9bf-5fcd-a32e-d17ad6d4a7db', '27bc346d-747d-51c7-9b83-cf47ccb198ab'),
  ('4a71d039-b9bf-5fcd-a32e-d17ad6d4a7db', '1097a962-4182-5163-b4e0-0c0313779e9f'),
  ('4a71d039-b9bf-5fcd-a32e-d17ad6d4a7db', 'e03fb48e-8e3c-5aff-a291-32538abd6c4f'),
  ('18c3e9df-c86d-534b-9c35-3cd7d220274e', '27bc346d-747d-51c7-9b83-cf47ccb198ab'),
  ('18c3e9df-c86d-534b-9c35-3cd7d220274e', '1097a962-4182-5163-b4e0-0c0313779e9f'),
  ('18c3e9df-c86d-534b-9c35-3cd7d220274e', 'e03fb48e-8e3c-5aff-a291-32538abd6c4f'),
  ('f42d53fc-d07e-5349-9bfa-72bd8ff99c2c', '27bc346d-747d-51c7-9b83-cf47ccb198ab'),
  ('f42d53fc-d07e-5349-9bfa-72bd8ff99c2c', '1097a962-4182-5163-b4e0-0c0313779e9f'),
  ('f42d53fc-d07e-5349-9bfa-72bd8ff99c2c', 'e03fb48e-8e3c-5aff-a291-32538abd6c4f'),
  ('d45ad8ff-942f-5f7c-b72c-7357fb414d91', '27bc346d-747d-51c7-9b83-cf47ccb198ab'),
  ('d45ad8ff-942f-5f7c-b72c-7357fb414d91', '1097a962-4182-5163-b4e0-0c0313779e9f'),
  ('d45ad8ff-942f-5f7c-b72c-7357fb414d91', 'e03fb48e-8e3c-5aff-a291-32538abd6c4f'),
  ('997a0e1b-ce6e-57f6-bd18-4cb1297a35fb', '27bc346d-747d-51c7-9b83-cf47ccb198ab'),
  ('997a0e1b-ce6e-57f6-bd18-4cb1297a35fb', '1097a962-4182-5163-b4e0-0c0313779e9f'),
  ('997a0e1b-ce6e-57f6-bd18-4cb1297a35fb', '011468bd-bb09-5529-ae55-2674b5dee9d8'),
  ('997a0e1b-ce6e-57f6-bd18-4cb1297a35fb', 'e03fb48e-8e3c-5aff-a291-32538abd6c4f'),
  ('1e194a7f-e1a0-59c4-afcc-4e7f98a4b8b7', '27bc346d-747d-51c7-9b83-cf47ccb198ab'),
  ('1e194a7f-e1a0-59c4-afcc-4e7f98a4b8b7', '1097a962-4182-5163-b4e0-0c0313779e9f'),
  ('1e194a7f-e1a0-59c4-afcc-4e7f98a4b8b7', '011468bd-bb09-5529-ae55-2674b5dee9d8'),
  ('1e194a7f-e1a0-59c4-afcc-4e7f98a4b8b7', 'e03fb48e-8e3c-5aff-a291-32538abd6c4f'),
  ('97d17ad1-fcc8-54d5-a7b1-56a76eb51b8e', '27bc346d-747d-51c7-9b83-cf47ccb198ab'),
  ('97d17ad1-fcc8-54d5-a7b1-56a76eb51b8e', '1097a962-4182-5163-b4e0-0c0313779e9f'),
  ('97d17ad1-fcc8-54d5-a7b1-56a76eb51b8e', '011468bd-bb09-5529-ae55-2674b5dee9d8'),
  ('97d17ad1-fcc8-54d5-a7b1-56a76eb51b8e', 'e03fb48e-8e3c-5aff-a291-32538abd6c4f'),
  ('5042d811-d96c-56d8-b53b-6296974778c3', 'fb31019b-2a72-5284-afaf-58654b0701ad'),
  ('e999c389-d63a-5b41-b53d-1bfc8ebb10ab', '2aaa1e66-6460-5c5c-9bf1-16d85abc0477'),
  ('e999c389-d63a-5b41-b53d-1bfc8ebb10ab', '29722f7d-de81-51e3-b942-c60382d4618b'),
  ('e999c389-d63a-5b41-b53d-1bfc8ebb10ab', '92c86d71-8f81-5b53-a4e4-bf2d86674589'),
  ('e999c389-d63a-5b41-b53d-1bfc8ebb10ab', 'e03fb48e-8e3c-5aff-a291-32538abd6c4f'),
  ('e999c389-d63a-5b41-b53d-1bfc8ebb10ab', '505aa16e-d2f0-531f-8713-7e971ebc7483'),
  ('e999c389-d63a-5b41-b53d-1bfc8ebb10ab', 'c1af2ba5-4193-5a10-9e36-388fed11f66a'),
  ('e999c389-d63a-5b41-b53d-1bfc8ebb10ab', '7698d5e5-d813-56ca-a29e-4456684eae6f'),
  ('672bb1a8-90ef-5036-bbd7-932a0020e728', '505aa16e-d2f0-531f-8713-7e971ebc7483'),
  ('672bb1a8-90ef-5036-bbd7-932a0020e728', '2aaa1e66-6460-5c5c-9bf1-16d85abc0477'),
  ('672bb1a8-90ef-5036-bbd7-932a0020e728', 'c1af2ba5-4193-5a10-9e36-388fed11f66a'),
  ('672bb1a8-90ef-5036-bbd7-932a0020e728', '92c86d71-8f81-5b53-a4e4-bf2d86674589'),
  ('672bb1a8-90ef-5036-bbd7-932a0020e728', 'e03fb48e-8e3c-5aff-a291-32538abd6c4f'),
  ('672bb1a8-90ef-5036-bbd7-932a0020e728', '7698d5e5-d813-56ca-a29e-4456684eae6f'),
  ('4f728165-d097-5915-b7ac-07eaad3230ce', '505aa16e-d2f0-531f-8713-7e971ebc7483'),
  ('4f728165-d097-5915-b7ac-07eaad3230ce', '2aaa1e66-6460-5c5c-9bf1-16d85abc0477'),
  ('4f728165-d097-5915-b7ac-07eaad3230ce', 'c1af2ba5-4193-5a10-9e36-388fed11f66a'),
  ('4f728165-d097-5915-b7ac-07eaad3230ce', '92c86d71-8f81-5b53-a4e4-bf2d86674589'),
  ('4f728165-d097-5915-b7ac-07eaad3230ce', 'e03fb48e-8e3c-5aff-a291-32538abd6c4f'),
  ('4f728165-d097-5915-b7ac-07eaad3230ce', '7698d5e5-d813-56ca-a29e-4456684eae6f'),
  ('c3ebd4ab-b29d-5864-a65f-aeef5e75057e', '505aa16e-d2f0-531f-8713-7e971ebc7483'),
  ('c3ebd4ab-b29d-5864-a65f-aeef5e75057e', '2aaa1e66-6460-5c5c-9bf1-16d85abc0477'),
  ('c3ebd4ab-b29d-5864-a65f-aeef5e75057e', '1a0f9c97-193f-5438-b3cc-e9517f80b4af'),
  ('c3ebd4ab-b29d-5864-a65f-aeef5e75057e', 'c1af2ba5-4193-5a10-9e36-388fed11f66a'),
  ('c3ebd4ab-b29d-5864-a65f-aeef5e75057e', '92c86d71-8f81-5b53-a4e4-bf2d86674589'),
  ('c3ebd4ab-b29d-5864-a65f-aeef5e75057e', '7698d5e5-d813-56ca-a29e-4456684eae6f'),
  ('c3ebd4ab-b29d-5864-a65f-aeef5e75057e', '6084d515-ddcd-5ec6-be5f-491b518d16f4'),
  ('9486c7b3-8f4d-5feb-b4c3-a7b137b23b1a', '505aa16e-d2f0-531f-8713-7e971ebc7483'),
  ('9486c7b3-8f4d-5feb-b4c3-a7b137b23b1a', '2aaa1e66-6460-5c5c-9bf1-16d85abc0477'),
  ('9486c7b3-8f4d-5feb-b4c3-a7b137b23b1a', '29722f7d-de81-51e3-b942-c60382d4618b'),
  ('9486c7b3-8f4d-5feb-b4c3-a7b137b23b1a', '1a0f9c97-193f-5438-b3cc-e9517f80b4af'),
  ('9486c7b3-8f4d-5feb-b4c3-a7b137b23b1a', '7698d5e5-d813-56ca-a29e-4456684eae6f'),
  ('64298bb6-6389-5e70-82d7-a465426c822c', '2aaa1e66-6460-5c5c-9bf1-16d85abc0477'),
  ('64298bb6-6389-5e70-82d7-a465426c822c', '29722f7d-de81-51e3-b942-c60382d4618b'),
  ('64298bb6-6389-5e70-82d7-a465426c822c', '1a0f9c97-193f-5438-b3cc-e9517f80b4af'),
  ('64298bb6-6389-5e70-82d7-a465426c822c', 'c1af2ba5-4193-5a10-9e36-388fed11f66a'),
  ('64298bb6-6389-5e70-82d7-a465426c822c', '92c86d71-8f81-5b53-a4e4-bf2d86674589'),
  ('64298bb6-6389-5e70-82d7-a465426c822c', 'e03fb48e-8e3c-5aff-a291-32538abd6c4f'),
  ('64298bb6-6389-5e70-82d7-a465426c822c', '505aa16e-d2f0-531f-8713-7e971ebc7483'),
  ('64298bb6-6389-5e70-82d7-a465426c822c', 'fe2fc6d7-bf0c-53ad-8b01-46ce2e2c3d0b'),
  ('64298bb6-6389-5e70-82d7-a465426c822c', '7698d5e5-d813-56ca-a29e-4456684eae6f'),
  ('6863df71-8f1a-56d9-888f-b62a74771a7e', '7698d5e5-d813-56ca-a29e-4456684eae6f'),
  ('67cecf0d-fb45-5667-8700-9448a1c70956', 'c1af2ba5-4193-5a10-9e36-388fed11f66a'),
  ('9368c670-e5ff-5d54-9320-f0e5189e82da', 'fb31019b-2a72-5284-afaf-58654b0701ad'),
  ('23756787-4f76-5c04-b165-5a9d557ca06d', '2aaa1e66-6460-5c5c-9bf1-16d85abc0477'),
  ('23756787-4f76-5c04-b165-5a9d557ca06d', 'c1af2ba5-4193-5a10-9e36-388fed11f66a'),
  ('23756787-4f76-5c04-b165-5a9d557ca06d', '92c86d71-8f81-5b53-a4e4-bf2d86674589'),
  ('23756787-4f76-5c04-b165-5a9d557ca06d', '7698d5e5-d813-56ca-a29e-4456684eae6f'),
  ('23756787-4f76-5c04-b165-5a9d557ca06d', '6084d515-ddcd-5ec6-be5f-491b518d16f4'),
  ('b7107776-719d-57aa-b4ce-eda4f8c8c47a', '27bc346d-747d-51c7-9b83-cf47ccb198ab'),
  ('e1867ee3-3273-5dfd-8afe-eac9ded3810e', '27bc346d-747d-51c7-9b83-cf47ccb198ab'),
  ('e1867ee3-3273-5dfd-8afe-eac9ded3810e', '1097a962-4182-5163-b4e0-0c0313779e9f'),
  ('e1867ee3-3273-5dfd-8afe-eac9ded3810e', '011468bd-bb09-5529-ae55-2674b5dee9d8'),
  ('b8d80339-e92d-5327-916b-1547135f5fd4', '27bc346d-747d-51c7-9b83-cf47ccb198ab'),
  ('b8d80339-e92d-5327-916b-1547135f5fd4', '1097a962-4182-5163-b4e0-0c0313779e9f'),
  ('b8d80339-e92d-5327-916b-1547135f5fd4', '011468bd-bb09-5529-ae55-2674b5dee9d8'),
  ('06b169ba-5220-5b18-93f8-2fe38f170a3e', '2aaa1e66-6460-5c5c-9bf1-16d85abc0477'),
  ('06b169ba-5220-5b18-93f8-2fe38f170a3e', '1a0f9c97-193f-5438-b3cc-e9517f80b4af'),
  ('06b169ba-5220-5b18-93f8-2fe38f170a3e', 'c1af2ba5-4193-5a10-9e36-388fed11f66a'),
  ('06b169ba-5220-5b18-93f8-2fe38f170a3e', '92c86d71-8f81-5b53-a4e4-bf2d86674589'),
  ('06b169ba-5220-5b18-93f8-2fe38f170a3e', 'e03fb48e-8e3c-5aff-a291-32538abd6c4f'),
  ('06b169ba-5220-5b18-93f8-2fe38f170a3e', '7698d5e5-d813-56ca-a29e-4456684eae6f'),
  ('c5d8ec6e-17d3-5526-8f1c-10e6aef17a06', '27bc346d-747d-51c7-9b83-cf47ccb198ab');
